Hour,Minute,Frequency,Internal Pressure (Induced in Test) ,Atmospheric Pressure,Atmospheric Pressure + Internal Pressure (Induced During Test),Tesla (Converted From Frequency)
0,1,63800686.72,2.95,14.682,17.632,1.498510119
0,2,63800687.25,2.953,14.682,17.635,1.498510132
0,3,63800686.99,2.963,14.682,17.645,1.498510126
0,4,63800687.44,2.967,14.682,17.649,1.498510136
0,5,63800687.59,2.974,14.682,17.656,1.49851014
0,6,63800687.82,2.979,14.682,17.661,1.498510145
0,7,63800687.17,2.985,14.682,17.667,1.49851013
0,8,63800687.21,2.989,14.682,17.671,1.498510131
0,9,63800687.71,2.993,14.682,17.675,1.498510142
0,10,63800687.56,2.997,14.682,17.679,1.498510139
0,11,63800687.47,3.002,14.683,17.685,1.498510137
0,12,63800687.73,3.007,14.683,17.69,1.498510143
0,13,63800687.6,3.008,14.683,17.691,1.49851014
0,14,63800687.96,3.012,14.683,17.695,1.498510148
0,15,63800688.92,3.019,14.683,17.702,1.498510171
0,16,63800688.51,3.022,14.683,17.705,1.498510161
0,17,63800688.5,3.024,14.683,17.707,1.498510161
0,18,63800688.06,3.029,14.683,17.712,1.498510151
0,19,63800688.69,3.033,14.683,17.716,1.498510166
0,20,63800689.05,3.036,14.682,17.718,1.498510174
0,21,63800688.48,3.038,14.683,17.721,1.498510161
0,22,63800688.67,3.043,14.683,17.726,1.498510165
0,23,63800688.74,3.047,14.683,17.73,1.498510167
0,24,63800689.54,3.049,14.683,17.732,1.498510185
0,25,63800689.21,3.054,14.682,17.736,1.498510178
0,26,63800689.16,3.057,14.682,17.739,1.498510177
0,27,63800689.98,3.061,14.683,17.744,1.498510196
0,28,63800690.23,3.063,14.682,17.745,1.498510202
0,29,63800689.21,3.067,14.682,17.749,1.498510178
0,30,63800690.06,3.069,14.682,17.751,1.498510198
0,31,63800689.79,3.074,14.682,17.756,1.498510191
0,32,63800690.14,3.076,14.682,17.758,1.4985102
0,33,63800689.97,3.08,14.682,17.762,1.498510196
0,34,63800690.17,3.081,14.682,17.763,1.4985102
0,35,63800690.25,3.085,14.682,17.767,1.498510202
0,36,63800690.44,3.088,14.683,17.771,1.498510207
0,37,63800690.67,3.089,14.683,17.772,1.498510212
0,38,63800690.55,3.092,14.683,17.775,1.498510209
0,39,63800691.04,3.095,14.684,17.779,1.498510221
0,40,63800690.88,3.097,14.684,17.781,1.498510217
0,41,63800691.51,3.099,14.685,17.784,1.498510232
0,42,63800691.3,3.103,14.685,17.788,1.498510227
0,43,63800691.36,3.105,14.685,17.79,1.498510228
0,44,63800691.62,3.109,14.685,17.794,1.498510234
0,45,63800691.99,3.111,14.686,17.797,1.498510243
0,46,63800691.87,3.112,14.686,17.798,1.49851024
0,47,63800691.71,3.107,14.687,17.794,1.498510237
0,48,63800692.28,3.101,14.687,17.788,1.49851025
0,49,63800692.33,3.096,14.687,17.783,1.498510251
0,50,63800692.3,3.092,14.687,17.779,1.49851025
0,51,63800692.26,3.088,14.687,17.775,1.498510249
0,52,63800692.46,3.083,14.686,17.769,1.498510254
0,53,63800692.82,3.082,14.685,17.767,1.498510262
0,54,63800693.04,3.077,14.685,17.762,1.498510268
0,55,63800692.86,3.073,14.685,17.758,1.498510263
0,56,63800692.88,3.068,14.685,17.753,1.498510264
0,57,63800693.19,3.065,14.685,17.75,1.498510271
0,58,63800693.26,3.062,14.685,17.747,1.498510273
0,59,63800693.31,3.061,14.685,17.746,1.498510274
0,60,63800693.64,3.057,14.685,17.742,1.498510282
1,1,63800693.55,3.054,14.685,17.739,1.49851028
1,2,63800693.36,3.052,14.685,17.737,1.498510275
1,3,63800693.46,3.048,14.685,17.733,1.498510278
1,4,63800694.09,3.047,14.684,17.731,1.498510292
1,5,63800693.35,3.043,14.685,17.728,1.498510275
1,6,63800694.09,3.041,14.685,17.726,1.498510292
1,7,63800694.62,3.039,14.684,17.723,1.498510305
1,8,63800693.97,3.036,14.684,17.72,1.49851029
1,9,63800694.34,3.036,14.684,17.72,1.498510298
1,10,63800694.64,3.034,14.684,17.718,1.498510305
1,11,63800694.6,3.031,14.684,17.715,1.498510304
1,12,63800694.4,3.03,14.684,17.714,1.4985103
1,13,63800694.89,3.029,14.684,17.713,1.498510311
1,14,63800695.18,3.025,14.684,17.709,1.498510318
1,15,63800694.85,3.026,14.683,17.709,1.49851031
1,16,63800694.92,3.022,14.683,17.705,1.498510312
1,17,63800695.1,3.022,14.683,17.705,1.498510316
1,18,63800695.16,3.022,14.683,17.705,1.498510318
1,19,63800695.42,3.018,14.683,17.701,1.498510324
1,20,63800695.61,3.017,14.683,17.7,1.498510328
1,21,63800695.66,3.016,14.683,17.699,1.498510329
1,22,63800695.74,3.016,14.683,17.699,1.498510331
1,23,63800695.68,3.013,14.683,17.696,1.49851033
1,24,63800695.51,3.012,14.683,17.695,1.498510326
1,25,63800695.47,3.01,14.683,17.693,1.498510325
1,26,63800696.2,3.01,14.683,17.693,1.498510342
1,27,63800695.95,3.007,14.683,17.69,1.498510336
1,28,63800696.52,3.005,14.683,17.688,1.49851035
1,29,63800696.51,3.005,14.683,17.688,1.498510349
1,30,63800695.76,3.003,14.683,17.686,1.498510332
1,31,63800695.61,3.003,14.683,17.686,1.498510328
1,32,63800696.2,3.001,14.683,17.684,1.498510342
1,33,63800696.78,3.002,14.683,17.685,1.498510356
1,34,63800696.46,3,14.682,17.682,1.498510348
1,35,63800697.23,2.999,14.682,17.681,1.498510366
1,36,63800696.64,2.996,14.682,17.678,1.498510352
1,37,63800696.64,2.997,14.682,17.679,1.498510352
1,38,63800697.33,2.995,14.681,17.676,1.498510369
1,39,63800696.63,2.995,14.681,17.676,1.498510352
1,40,63800697.04,2.995,14.681,17.676,1.498510362
1,41,63800697.04,2.992,14.681,17.673,1.498510362
1,42,63800696.76,2.992,14.681,17.673,1.498510355
1,43,63800697.04,2.99,14.681,17.671,1.498510362
1,44,63800696.22,2.99,14.68,17.67,1.498510342
1,45,63800695.76,2.989,14.68,17.669,1.498510332
1,46,63800695.25,2.99,14.68,17.67,1.49851032
1,47,63800695.44,2.99,14.68,17.67,1.498510324
1,48,63800694.86,2.986,14.68,17.666,1.49851031
1,49,63800695.21,2.985,14.679,17.664,1.498510319
1,50,63800694.55,2.984,14.679,17.663,1.498510303
1,51,63800694.18,2.986,14.679,17.665,1.498510294
1,52,63800694.86,2.983,14.679,17.662,1.498510311
1,53,63800693.82,2.983,14.679,17.662,1.498510286
1,54,63800693.64,2.982,14.678,17.66,1.498510282
1,55,63800692.94,2.981,14.678,17.659,1.498510265
1,56,63800692.51,2.98,14.678,17.658,1.498510255
1,57,63800692.73,2.979,14.678,17.657,1.49851026
1,58,63800692.41,2.979,14.678,17.657,1.498510253
1,59,63800691.56,2.977,14.678,17.655,1.498510233
1,60,63800691.74,2.977,14.678,17.655,1.498510237
2,1,63800691.28,2.977,14.677,17.654,1.498510226
2,2,63800691.58,2.977,14.677,17.654,1.498510233
2,3,63800690.74,2.975,14.677,17.652,1.498510214
2,4,63800690.56,2.975,14.677,17.652,1.498510209
2,5,63800689.93,2.975,14.676,17.651,1.498510195
2,6,63800689.62,2.975,14.676,17.651,1.498510187
2,7,63800689.36,2.972,14.676,17.648,1.498510181
2,8,63800688.9,2.971,14.676,17.647,1.49851017
2,9,63800688.87,2.971,14.676,17.647,1.49851017
2,10,63800688.62,2.97,14.676,17.646,1.498510164
2,11,63800688.08,2.969,14.676,17.645,1.498510151
2,12,63800687.76,2.967,14.675,17.642,1.498510144
2,13,63800687.61,2.969,14.675,17.644,1.49851014
2,14,63800687.32,2.968,14.675,17.643,1.498510133
2,15,63800686.87,2.967,14.675,17.642,1.498510123
2,16,63800686.75,2.964,14.675,17.639,1.49851012
2,17,63800687.04,2.964,14.675,17.639,1.498510127
2,18,63800686.32,2.963,14.675,17.638,1.49851011
2,19,63800686.17,2.962,14.675,17.637,1.498510106
2,20,63800685.64,2.962,14.675,17.637,1.498510094
2,21,63800685.59,2.961,14.675,17.636,1.498510093
2,22,63800685.59,2.961,14.675,17.636,1.498510093
2,23,63800684.69,2.96,14.675,17.635,1.498510072
2,24,63800684.2,2.959,14.674,17.633,1.49851006
2,25,63800684.7,2.96,14.675,17.635,1.498510072
2,26,63800684.13,2.957,14.674,17.631,1.498510058
2,27,63800683.97,2.958,14.675,17.633,1.498510055
2,28,63800683.04,2.957,14.675,17.632,1.498510033
2,29,63800683.42,2.955,14.675,17.63,1.498510042
2,30,63800682.83,2.955,14.675,17.63,1.498510028
2,31,63800682.78,2.953,14.675,17.628,1.498510027
2,32,63800682.63,2.953,14.675,17.628,1.498510023
2,33,63800681.88,2.95,14.675,17.625,1.498510006
2,34,63800682.43,2.951,14.675,17.626,1.498510018
2,35,63800681.68,2.95,14.675,17.625,1.498510001
2,36,63800681.4,2.95,14.675,17.625,1.498509994
2,37,63800681.15,2.952,14.675,17.627,1.498509988
2,38,63800681.5,2.948,14.674,17.622,1.498509997
2,39,63800680.34,2.948,14.674,17.622,1.498509969
2,40,63800680.38,2.948,14.674,17.622,1.49850997
2,41,63800679.79,2.949,14.673,17.622,1.498509957
2,42,63800680.47,2.947,14.673,17.62,1.498509972
2,43,63800679.64,2.948,14.673,17.621,1.498509953
2,44,63800679.62,2.946,14.673,17.619,1.498509953
2,45,63800679.9,2.946,14.673,17.619,1.498509959
2,46,63800679.22,2.943,14.674,17.617,1.498509943
2,47,63800678.79,2.943,14.673,17.616,1.498509933
2,48,63800679.31,2.942,14.673,17.615,1.498509945
2,49,63800678.28,2.942,14.673,17.615,1.498509921
2,50,63800678.29,2.941,14.673,17.614,1.498509921
2,51,63800677.51,2.941,14.673,17.614,1.498509903
2,52,63800678.65,2.94,14.673,17.613,1.49850993
2,53,63800678.72,2.94,14.673,17.613,1.498509931
2,54,63800677.82,2.94,14.673,17.613,1.49850991
2,55,63800677.47,2.938,14.673,17.611,1.498509902
2,56,63800677.15,2.937,14.673,17.61,1.498509894
2,57,63800677.85,2.938,14.672,17.61,1.498509911
2,58,63800677.53,2.936,14.672,17.608,1.498509904
2,59,63800676.47,2.937,14.672,17.609,1.498509878
2,60,63800676.69,2.938,14.672,17.61,1.498509884
3,1,63800676.67,2.936,14.672,17.608,1.498509883
3,2,63800676.01,2.933,14.672,17.605,1.498509868
3,3,63800676.17,2.934,14.672,17.606,1.498509872
3,4,63800675.82,2.936,14.671,17.607,1.498509863
3,5,63800675.47,2.934,14.671,17.605,1.498509855
3,6,63800675.88,2.934,14.671,17.605,1.498509865
3,7,63800675.8,2.932,14.671,17.603,1.498509863
3,8,63800675.36,2.932,14.671,17.603,1.498509853
3,9,63800674.7,2.932,14.672,17.604,1.498509837
3,10,63800675.18,2.932,14.671,17.603,1.498509848
3,11,63800675.06,2.931,14.671,17.602,1.498509846
3,12,63800674.61,2.929,14.671,17.6,1.498509835
3,13,63800674.61,2.945,14.671,17.616,1.498509835
3,14,63800674.82,2.956,14.671,17.627,1.49850984
3,15,63800674.4,2.967,14.67,17.637,1.49850983
3,16,63800673.45,2.976,14.67,17.646,1.498509808
3,17,63800673.94,2.984,14.67,17.654,1.498509819
3,18,63800673.64,2.991,14.669,17.66,1.498509812
3,19,63800673.63,2.996,14.669,17.665,1.498509812
3,20,63800673.26,3.002,14.669,17.671,1.498509803
3,21,63800673.4,3.007,14.669,17.676,1.498509806
3,22,63800673.04,3.011,14.669,17.68,1.498509798
3,23,63800673.02,3.016,14.668,17.684,1.498509797
3,24,63800672.59,3.021,14.668,17.689,1.498509787
3,25,63800673.56,3.025,14.668,17.693,1.49850981
3,26,63800672.86,3.03,14.668,17.698,1.498509794
3,27,63800672.74,3.035,14.667,17.702,1.498509791
3,28,63800673.05,3.039,14.667,17.706,1.498509798
3,29,63800672.48,3.043,14.667,17.71,1.498509785
3,30,63800672.44,3.048,14.666,17.714,1.498509784
3,31,63800672.35,3.052,14.666,17.718,1.498509782
3,32,63800672.09,3.056,14.665,17.721,1.498509776
3,33,63800671.62,3.059,14.665,17.724,1.498509765
3,34,63800671.79,3.063,14.665,17.728,1.498509769
3,35,63800671.73,3.065,14.664,17.729,1.498509767
3,36,63800671.66,3.069,14.664,17.733,1.498509765
3,37,63800671.07,3.073,14.664,17.737,1.498509752
3,38,63800671.6,3.077,14.664,17.741,1.498509764
3,39,63800671.29,3.08,14.663,17.743,1.498509757
3,40,63800670.76,3.083,14.663,17.746,1.498509744
3,41,63800671.15,3.088,14.663,17.751,1.498509754
3,42,63800670.67,3.091,14.663,17.754,1.498509742
3,43,63800671.07,3.094,14.662,17.756,1.498509752
3,44,63800670.77,3.098,14.662,17.76,1.498509745
3,45,63800670.72,3.103,14.661,17.764,1.498509743
3,46,63800670.59,3.105,14.661,17.766,1.49850974
3,47,63800670.2,3.109,14.66,17.769,1.498509731
3,48,63800670.43,3.111,14.66,17.771,1.498509737
3,49,63800670.39,3.116,14.66,17.776,1.498509736
3,50,63800670.14,3.119,14.659,17.778,1.49850973
3,51,63800670.23,3.124,14.659,17.783,1.498509732
3,52,63800670.14,3.127,14.659,17.786,1.49850973
3,53,63800669.89,3.131,14.659,17.79,1.498509724
3,54,63800669.8,3.135,14.658,17.793,1.498509722
3,55,63800669.94,3.136,14.658,17.794,1.498509725
3,56,63800669.68,3.141,14.657,17.798,1.498509719
3,57,63800669.58,3.142,14.657,17.799,1.498509717
3,58,63800669.67,3.136,14.657,17.793,1.498509719
3,59,63800668.96,3.132,14.656,17.788,1.498509702
3,60,63800669.42,3.127,14.656,17.783,1.498509713
4,1,63800669.61,3.12,14.656,17.776,1.498509717
4,2,63800669.2,3.12,14.656,17.776,1.498509708
4,3,63800669.14,3.115,14.655,17.77,1.498509706
4,4,63800668.94,3.113,14.655,17.768,1.498509702
4,5,63800668.8,3.109,14.655,17.764,1.498509698
4,6,63800669.04,3.105,14.655,17.76,1.498509704
4,7,63800668.76,3.103,14.655,17.758,1.498509697
4,8,63800668.76,3.099,14.654,17.753,1.498509697
4,9,63800668.45,3.094,14.654,17.748,1.49850969
4,10,63800668.97,3.093,14.654,17.747,1.498509702
4,11,63800668.57,3.089,14.654,17.743,1.498509693
4,12,63800668.51,3.086,14.655,17.741,1.498509692
4,13,63800668.31,3.085,14.654,17.739,1.498509687
4,14,63800668.75,3.08,14.654,17.734,1.498509697
4,15,63800667.88,3.08,14.654,17.734,1.498509677
4,16,63800668.37,3.077,14.654,17.731,1.498509688
4,17,63800667.59,3.073,14.653,17.726,1.49850967
4,18,63800668.16,3.073,14.653,17.726,1.498509683
4,19,63800667.61,3.071,14.653,17.724,1.49850967
4,20,63800667.96,3.068,14.653,17.721,1.498509679
4,21,63800667.88,3.067,14.652,17.719,1.498509677
4,22,63800667.72,3.064,14.652,17.716,1.498509673
4,23,63800668.14,3.062,14.652,17.714,1.498509683
4,24,63800668.18,3.062,14.652,17.714,1.498509684
4,25,63800667.4,3.062,14.652,17.714,1.498509666
4,26,63800667.84,3.059,14.652,17.711,1.498509676
4,27,63800667.89,3.057,14.652,17.709,1.498509677
4,28,63800667.6,3.055,14.651,17.706,1.49850967
4,29,63800667.49,3.053,14.651,17.704,1.498509668
4,30,63800666.97,3.052,14.652,17.704,1.498509655
4,31,63800667.7,3.052,14.652,17.704,1.498509672
4,32,63800667.58,3.051,14.652,17.703,1.49850967
4,33,63800667.16,3.048,14.652,17.7,1.49850966
4,34,63800667.23,3.047,14.652,17.699,1.498509662
4,35,63800666.72,3.046,14.651,17.697,1.498509649
4,36,63800667.27,3.044,14.651,17.695,1.498509663
4,37,63800666.65,3.044,14.651,17.695,1.498509648
4,38,63800666.69,3.042,14.65,17.692,1.498509649
4,39,63800666.94,3.042,14.65,17.692,1.498509655
4,40,63800666.91,3.042,14.65,17.692,1.498509654
4,41,63800666.49,3.04,14.649,17.689,1.498509644
4,42,63800666.56,3.039,14.649,17.688,1.498509646
4,43,63800666.6,3.036,14.649,17.685,1.498509647
4,44,63800666.96,3.035,14.649,17.684,1.498509655
4,45,63800666.55,3.034,14.649,17.683,1.498509646
4,46,63800667.15,3.036,14.649,17.685,1.49850966
4,47,63800666.77,3.034,14.649,17.683,1.498509651
4,48,63800666.41,3.035,14.648,17.683,1.498509642
4,49,63800665.94,3.032,14.648,17.68,1.498509631
4,50,63800666.63,3.031,14.648,17.679,1.498509648
4,51,63800666.02,3.029,14.648,17.677,1.498509633
4,52,63800667.06,3.029,14.648,17.677,1.498509657
4,53,63800666.14,3.028,14.647,17.675,1.498509636
4,54,63800666.58,3.028,14.647,17.675,1.498509646
4,55,63800665.8,3.027,14.647,17.674,1.498509628
4,56,63800666.1,3.024,14.647,17.671,1.498509635
4,57,63800666.68,3.023,14.647,17.67,1.498509649
4,58,63800666.5,3.023,14.646,17.669,1.498509644
4,59,63800666.12,3.021,14.647,17.668,1.498509635
4,60,63800666.25,3.021,14.647,17.668,1.498509638
5,1,63800666.42,3.022,14.647,17.669,1.498509642
5,2,63800666.26,3.021,14.646,17.667,1.498509639
5,3,63800666.19,3.022,14.646,17.668,1.498509637
5,4,63800666.72,3.019,14.645,17.664,1.49850965
5,5,63800666.22,3.018,14.645,17.663,1.498509638
5,6,63800666.27,3.019,14.645,17.664,1.498509639
5,7,63800666.21,3.017,14.645,17.662,1.498509638
5,8,63800666.79,3.018,14.644,17.662,1.498509651
5,9,63800666.75,3.017,14.644,17.661,1.49850965
5,10,63800666.54,3.016,14.644,17.66,1.498509645
5,11,63800665.99,3.016,14.643,17.659,1.498509632
5,12,63800666.44,3.014,14.644,17.658,1.498509643
5,13,63800666.84,3.012,14.644,17.656,1.498509652
5,14,63800666.28,3.013,14.644,17.657,1.498509639
5,15,63800666.43,3.012,14.644,17.656,1.498509643
5,16,63800666.03,3.01,14.643,17.653,1.498509633
5,17,63800665.88,3.011,14.643,17.654,1.49850963
5,18,63800666.49,3.009,14.643,17.652,1.498509644
5,19,63800667.09,3.009,14.643,17.652,1.498509658
5,20,63800666.06,3.009,14.642,17.651,1.498509634
5,21,63800666.48,3.005,14.642,17.647,1.498509644
5,22,63800666.61,3.008,14.643,17.651,1.498509647
5,23,63800666.46,3.006,14.642,17.648,1.498509643
5,24,63800666.47,3.003,14.642,17.645,1.498509644
5,25,63800666.41,3.003,14.643,17.646,1.498509642
5,26,63800666.75,3.002,14.643,17.645,1.49850965
5,27,63800666.84,3.002,14.643,17.645,1.498509652
5,28,63800666.69,3.002,14.643,17.645,1.498509649
5,29,63800666.69,3.002,14.642,17.644,1.498509649
5,30,63800666.45,2.999,14.642,17.641,1.498509643
5,31,63800666.97,3,14.643,17.643,1.498509655
5,32,63800666.54,2.998,14.642,17.64,1.498509645
5,33,63800667.13,2.998,14.642,17.64,1.498509659
5,34,63800666.21,2.998,14.641,17.639,1.498509638
5,35,63800666.37,2.995,14.642,17.637,1.498509641
5,36,63800667.16,2.997,14.641,17.638,1.49850966
5,37,63800667.13,2.997,14.641,17.638,1.498509659
5,38,63800667.31,2.995,14.64,17.635,1.498509664
5,39,63800666.95,2.993,14.64,17.633,1.498509655
5,40,63800666.73,2.995,14.64,17.635,1.49850965
5,41,63800667.14,2.993,14.64,17.633,1.49850966
5,42,63800667.06,2.992,14.64,17.632,1.498509658
5,43,63800666.77,2.993,14.64,17.633,1.498509651
5,44,63800666.81,2.992,14.64,17.632,1.498509652
5,45,63800667.51,2.99,14.641,17.631,1.498509668
5,46,63800666.51,2.989,14.641,17.63,1.498509645
5,47,63800667.78,2.988,14.641,17.629,1.498509675
5,48,63800666.94,2.989,14.641,17.63,1.498509655
5,49,63800667.56,2.988,14.641,17.629,1.498509669
5,50,63800667.62,2.985,14.641,17.626,1.498509671
5,51,63800667.76,2.988,14.64,17.628,1.498509674
5,52,63800667.58,2.985,14.64,17.625,1.49850967
5,53,63800667.89,2.985,14.64,17.625,1.498509677
5,54,63800667.45,2.985,14.64,17.625,1.498509667
5,55,63800667.44,2.984,14.64,17.624,1.498509666
5,56,63800667.63,2.981,14.64,17.621,1.498509671
5,57,63800667.37,2.983,14.64,17.623,1.498509665
5,58,63800667.43,2.983,14.64,17.623,1.498509666
5,59,63800667.4,2.979,14.641,17.62,1.498509665
5,60,63800667.34,2.979,14.641,17.62,1.498509664
6,1,63800667.35,2.979,14.641,17.62,1.498509664
6,2,63800667.83,2.98,14.642,17.622,1.498509676
6,3,63800667.67,2.977,14.642,17.619,1.498509672
6,4,63800667.61,2.976,14.642,17.618,1.498509671
6,5,63800667.39,2.977,14.642,17.619,1.498509665
6,6,63800667.34,2.977,14.642,17.619,1.498509664
6,7,63800667.54,2.975,14.641,17.616,1.498509669
6,8,63800667.18,2.975,14.641,17.616,1.49850966
6,9,63800667.77,2.975,14.641,17.616,1.498509674
6,10,63800668.04,2.974,14.641,17.615,1.498509681
6,11,63800667.62,2.974,14.64,17.614,1.498509671
6,12,63800667.56,2.973,14.64,17.613,1.498509669
6,13,63800667.66,2.974,14.64,17.614,1.498509672
6,14,63800667.63,2.973,14.64,17.613,1.498509671
6,15,63800667.6,2.973,14.64,17.613,1.49850967
6,16,63800668.24,2.973,14.639,17.612,1.498509685
6,17,63800667.06,2.971,14.639,17.61,1.498509658
6,18,63800667.44,2.971,14.639,17.61,1.498509666
6,19,63800667.23,2.971,14.639,17.61,1.498509661
6,20,63800667.64,2.968,14.639,17.607,1.498509671
6,21,63800667.73,2.967,14.639,17.606,1.498509673
6,22,63800667.84,2.968,14.639,17.607,1.498509676
6,23,63800667.38,2.968,14.639,17.607,1.498509665
6,24,63800667.52,2.968,14.639,17.607,1.498509668
6,25,63800667.08,2.966,14.639,17.605,1.498509658
6,26,63800667.53,2.967,14.639,17.606,1.498509669
6,27,63800667.14,2.965,14.639,17.604,1.498509659
6,28,63800667.37,2.964,14.639,17.603,1.498509665
6,29,63800667.44,2.964,14.639,17.603,1.498509666
6,30,63800667.49,2.962,14.639,17.601,1.498509668
6,31,63800667.41,2.962,14.64,17.602,1.498509666
6,32,63800667.33,2.969,14.64,17.609,1.498509664
6,33,63800667.39,2.982,14.64,17.622,1.498509665
6,34,63800667.65,2.993,14.64,17.633,1.498509671
6,35,63800667.62,3,14.64,17.64,1.498509671
6,36,63800667.8,3.01,14.64,17.65,1.498509675
6,37,63800667.79,3.016,14.64,17.656,1.498509675
6,38,63800667.48,3.024,14.64,17.664,1.498509667
6,39,63800667.92,3.029,14.64,17.669,1.498509678
6,40,63800667.75,3.035,14.639,17.674,1.498509674
6,41,63800667.75,3.039,14.639,17.678,1.498509674
6,42,63800667.51,3.044,14.639,17.683,1.498509668
6,43,63800668.03,3.049,14.639,17.688,1.49850968
6,44,63800667.88,3.053,14.639,17.692,1.498509677
6,45,63800667.82,3.06,14.639,17.699,1.498509675
6,46,63800667.94,3.061,14.638,17.699,1.498509678
6,47,63800667.75,3.066,14.638,17.704,1.498509674
6,48,63800668.53,3.068,14.638,17.706,1.498509692
6,49,63800667.94,3.073,14.638,17.711,1.498509678
6,50,63800667.91,3.076,14.638,17.714,1.498509677
6,51,63800668.12,3.081,14.638,17.719,1.498509683
6,52,63800668.02,3.083,14.638,17.721,1.49850968
6,53,63800667.78,3.089,14.638,17.727,1.498509674
6,54,63800668.32,3.091,14.638,17.729,1.498509687
6,55,63800668.25,3.094,14.638,17.732,1.498509685
6,56,63800668.26,3.097,14.639,17.736,1.498509686
6,57,63800667.61,3.101,14.639,17.74,1.498509671
6,58,63800668.28,3.106,14.639,17.745,1.498509686
6,59,63800667.79,3.108,14.638,17.746,1.498509675
6,60,63800668.39,3.112,14.638,17.75,1.498509689
7,1,63800668.07,3.119,14.637,17.756,1.498509681
7,2,63800668.74,3.12,14.637,17.757,1.498509697
7,3,63800668.57,3.124,14.637,17.761,1.498509693
7,4,63800668.14,3.126,14.636,17.762,1.498509683
7,5,63800668.42,3.132,14.636,17.768,1.498509689
7,6,63800668.05,3.136,14.636,17.772,1.498509681
7,7,63800667.65,3.136,14.636,17.772,1.498509671
7,8,63800667.86,3.141,14.636,17.777,1.498509676
7,9,63800667.68,3.145,14.636,17.781,1.498509672
7,10,63800667.92,3.147,14.636,17.783,1.498509678
7,11,63800668.86,3.15,14.636,17.786,1.4985097
7,12,63800668.47,3.154,14.636,17.79,1.498509691
7,13,63800668.44,3.157,14.636,17.793,1.49850969
7,14,63800668.16,3.159,14.636,17.795,1.498509683
7,15,63800668.84,3.162,14.636,17.798,1.498509699
7,16,63800668.26,3.162,14.636,17.798,1.498509686
7,17,63800668.35,3.159,14.637,17.796,1.498509688
7,18,63800668.28,3.154,14.636,17.79,1.498509686
7,19,63800668.25,3.15,14.637,17.787,1.498509686
7,20,63800667.93,3.144,14.637,17.781,1.498509678
7,21,63800668.34,3.142,14.636,17.778,1.498509688
7,22,63800667.96,3.137,14.637,17.774,1.498509679
7,23,63800668.39,3.133,14.637,17.77,1.498509689
7,24,63800668.23,3.129,14.637,17.766,1.498509685
7,25,63800668.11,3.125,14.636,17.761,1.498509682
7,26,63800668.13,3.122,14.636,17.758,1.498509683
7,27,63800668.54,3.12,14.636,17.756,1.498509692
7,28,63800668.18,3.116,14.636,17.752,1.498509684
7,29,63800668.58,3.114,14.635,17.749,1.498509693
7,30,63800668.02,3.111,14.635,17.746,1.49850968
7,31,63800667.95,3.108,14.635,17.743,1.498509678
7,32,63800668.5,3.103,14.635,17.738,1.498509691
7,33,63800668.51,3.101,14.636,17.737,1.498509692
7,34,63800667.77,3.099,14.636,17.735,1.498509674
7,35,63800668.01,3.096,14.636,17.732,1.49850968
7,36,63800667.83,3.093,14.636,17.729,1.498509676
7,37,63800667.74,3.092,14.636,17.728,1.498509674
7,38,63800667.75,3.091,14.636,17.727,1.498509674
7,39,63800667.78,3.087,14.636,17.723,1.498509674
7,40,63800668.52,3.086,14.636,17.722,1.498509692
7,41,63800667.72,3.084,14.635,17.719,1.498509673
7,42,63800667.94,3.081,14.636,17.717,1.498509678
7,43,63800668,3.08,14.635,17.715,1.49850968
7,44,63800668.4,3.08,14.634,17.714,1.498509689
7,45,63800667.99,3.079,14.634,17.713,1.498509679
7,46,63800668.08,3.078,14.634,17.712,1.498509681
7,47,63800667.73,3.077,14.633,17.71,1.498509673
7,48,63800667.87,3.075,14.633,17.708,1.498509677
7,49,63800668.11,3.073,14.633,17.706,1.498509682
7,50,63800668.08,3.072,14.632,17.704,1.498509682
7,51,63800668.07,3.071,14.632,17.703,1.498509681
7,52,63800668.1,3.069,14.631,17.7,1.498509682
7,53,63800667.82,3.07,14.631,17.701,1.498509675
7,54,63800667.79,3.069,14.631,17.7,1.498509675
7,55,63800667.99,3.065,14.631,17.696,1.498509679
7,56,63800666.91,3.064,14.632,17.696,1.498509654
7,57,63800667.93,3.062,14.632,17.694,1.498509678
7,58,63800667.15,3.062,14.633,17.695,1.49850966
7,59,63800667.78,3.06,14.633,17.693,1.498509674
7,60,63800667.67,3.059,14.632,17.691,1.498509672
8,1,63800667.82,3.06,14.632,17.692,1.498509675
8,2,63800667.36,3.059,14.632,17.691,1.498509665
8,3,63800667.92,3.058,14.631,17.689,1.498509678
8,4,63800667.33,3.057,14.631,17.688,1.498509664
8,5,63800667.84,3.057,14.63,17.687,1.498509676
8,6,63800667.26,3.055,14.63,17.685,1.498509662
8,7,63800667.55,3.056,14.63,17.686,1.498509669
8,8,63800667.3,3.055,14.629,17.684,1.498509663
8,9,63800667.63,3.054,14.629,17.683,1.498509671
8,10,63800667.19,3.052,14.629,17.681,1.498509661
8,11,63800667.29,3.052,14.628,17.68,1.498509663
8,12,63800667.64,3.05,14.628,17.678,1.498509671
8,13,63800667.62,3.049,14.627,17.676,1.498509671
8,14,63800667.55,3.049,14.627,17.676,1.498509669
8,15,63800667.04,3.05,14.627,17.677,1.498509657
8,16,63800667.51,3.047,14.627,17.674,1.498509668
8,17,63800667.47,3.046,14.626,17.672,1.498509667
8,18,63800667.37,3.047,14.626,17.673,1.498509665
8,19,63800667,3.044,14.626,17.67,1.498509656
8,20,63800667.36,3.043,14.626,17.669,1.498509665
8,21,63800667.32,3.043,14.627,17.67,1.498509664
8,22,63800667.32,3.042,14.627,17.669,1.498509664
8,23,63800666.85,3.04,14.627,17.667,1.498509653
8,24,63800667.31,3.04,14.627,17.667,1.498509663
8,25,63800667.16,3.039,14.627,17.666,1.49850966
8,26,63800667.44,3.037,14.627,17.664,1.498509666
8,27,63800666.92,3.037,14.627,17.664,1.498509654
8,28,63800666.49,3.037,14.627,17.664,1.498509644
8,29,63800667.43,3.034,14.627,17.661,1.498509666
8,30,63800666.87,3.033,14.627,17.66,1.498509653
8,31,63800666.64,3.034,14.627,17.661,1.498509648
8,32,63800666.73,3.031,14.627,17.658,1.49850965
8,33,63800666.61,3.029,14.628,17.657,1.498509647
8,34,63800666.32,3.029,14.628,17.657,1.49850964
8,35,63800666.36,3.027,14.629,17.656,1.498509641
8,36,63800666.39,3.027,14.629,17.656,1.498509642
8,37,63800666.8,3.027,14.629,17.656,1.498509651
8,38,63800666.62,3.025,14.629,17.654,1.498509647
8,39,63800666.66,3.024,14.629,17.653,1.498509648
8,40,63800666.48,3.023,14.629,17.652,1.498509644
8,41,63800666.7,3.021,14.63,17.651,1.498509649
8,42,63800666.16,3.021,14.63,17.651,1.498509636
8,43,63800666.35,3.02,14.63,17.65,1.498509641
8,44,63800666.37,3.017,14.631,17.648,1.498509641
8,45,63800666.55,3.017,14.631,17.648,1.498509645
8,46,63800666.26,3.016,14.632,17.648,1.498509639
8,47,63800666.38,3.014,14.632,17.646,1.498509642
8,48,63800666.65,3.013,14.633,17.646,1.498509648
8,49,63800666.15,3.011,14.634,17.645,1.498509636
8,50,63800665.99,3.01,14.634,17.644,1.498509632
8,51,63800666.21,3.007,14.635,17.642,1.498509638
8,52,63800665.68,3.007,14.635,17.642,1.498509625
8,53,63800666.09,3.006,14.634,17.64,1.498509635
8,54,63800666.09,3.006,14.634,17.64,1.498509635
8,55,63800665.78,3.006,14.634,17.64,1.498509627
8,56,63800666.19,3.007,14.633,17.64,1.498509637
8,57,63800665.45,3.005,14.633,17.638,1.49850962
8,58,63800665.93,3.006,14.633,17.639,1.498509631
8,59,63800665.93,3.003,14.633,17.636,1.498509631
8,60,63800665.71,3.007,14.633,17.64,1.498509626
9,1,63800666.06,3.004,14.632,17.636,1.498509634
9,2,63800665.8,3.004,14.632,17.636,1.498509628
9,3,63800665.8,3.001,14.632,17.633,1.498509628
9,4,63800666.01,3.003,14.632,17.635,1.498509633
9,5,63800665.57,3.003,14.632,17.635,1.498509622
9,6,63800665.45,3,14.632,17.632,1.49850962
9,7,63800665.6,3,14.632,17.632,1.498509623
9,8,63800665.57,3,14.632,17.632,1.498509623
9,9,63800665.59,3,14.632,17.632,1.498509623
9,10,63800665.58,3,14.631,17.631,1.498509623
9,11,63800665.49,3.001,14.63,17.631,1.498509621
9,12,63800665.37,2.997,14.629,17.626,1.498509618
9,13,63800665.21,2.999,14.629,17.628,1.498509614
9,14,63800665.42,2.998,14.629,17.627,1.498509619
9,15,63800665.33,2.995,14.63,17.625,1.498509617
9,16,63800665.24,2.996,14.63,17.626,1.498509615
9,17,63800665.45,2.995,14.63,17.625,1.49850962
9,18,63800665.24,2.993,14.631,17.624,1.498509615
9,19,63800664.83,2.99,14.632,17.622,1.498509605
9,20,63800664.59,2.99,14.632,17.622,1.498509599
9,21,63800665.29,2.988,14.633,17.621,1.498509616
9,22,63800665.27,2.988,14.633,17.621,1.498509615
9,23,63800664.73,2.988,14.634,17.622,1.498509603
9,24,63800665.04,2.986,14.634,17.62,1.49850961
9,25,63800664.7,2.985,14.635,17.62,1.498509602
9,26,63800665.15,2.983,14.636,17.619,1.498509613
9,27,63800664.97,2.981,14.636,17.617,1.498509608
9,28,63800664.98,2.979,14.637,17.616,1.498509609
9,29,63800664.9,2.977,14.638,17.615,1.498509607
9,30,63800664.73,2.977,14.639,17.616,1.498509603
9,31,63800665.27,2.975,14.639,17.614,1.498509615
9,32,63800664.48,2.974,14.64,17.614,1.498509597
9,33,63800664.91,2.972,14.641,17.613,1.498509607
9,34,63800664.83,2.971,14.642,17.613,1.498509605
9,35,63800665.01,2.971,14.642,17.613,1.498509609
9,36,63800665.23,2.969,14.643,17.612,1.498509615
9,37,63800664.74,2.971,14.643,17.614,1.498509603
9,38,63800664.42,2.971,14.643,17.614,1.498509595
9,39,63800665.01,2.97,14.642,17.612,1.498509609
9,40,63800664.4,2.97,14.642,17.612,1.498509595
9,41,63800664.15,2.969,14.641,17.61,1.498509589
9,42,63800664.59,2.97,14.64,17.61,1.4985096
9,43,63800664.62,2.97,14.64,17.61,1.4985096
9,44,63800664.42,2.969,14.639,17.608,1.498509596
9,45,63800664.73,2.97,14.639,17.609,1.498509603
9,46,63800663.99,2.968,14.638,17.606,1.498509585
9,47,63800664.36,2.968,14.638,17.606,1.498509594
9,48,63800664.46,2.967,14.638,17.605,1.498509596
9,49,63800664.14,2.966,14.639,17.605,1.498509589
9,50,63800664.04,2.964,14.64,17.604,1.498509587
9,51,63800664.4,2.963,14.64,17.603,1.498509595
9,52,63800664.38,2.961,14.641,17.602,1.498509594
9,53,63800664.18,2.962,14.641,17.603,1.49850959
9,54,63800664.15,2.96,14.642,17.602,1.498509589
9,55,63800664.62,2.96,14.643,17.603,1.4985096
9,56,63800664.18,2.958,14.644,17.602,1.49850959
9,57,63800663.9,2.963,14.645,17.608,1.498509583
9,58,63800663.9,2.969,14.648,17.617,1.498509583
9,59,63800664.14,2.977,14.656,17.633,1.498509589
9,60,63800663.92,2.987,14.658,17.645,1.498509584
10,1,63800663.67,3,14.657,17.657,1.498509578
10,2,63800664.17,3.003,14.657,17.66,1.49850959
10,3,63800663.93,3.01,14.657,17.667,1.498509584
10,4,63800664.12,3.014,14.656,17.67,1.498509589
10,5,63800663.79,3.02,14.656,17.676,1.498509581
10,6,63800663.87,3.022,14.656,17.678,1.498509583
10,7,63800663.88,3.027,14.658,17.685,1.498509583
10,8,63800664.26,3.03,14.659,17.689,1.498509592
10,9,63800664.02,3.034,14.66,17.694,1.498509586
10,10,63800664.12,3.039,14.66,17.699,1.498509588
10,11,63800663.48,3.044,14.661,17.705,1.498509573
10,12,63800664.1,3.048,14.66,17.708,1.498509588
10,13,63800663.82,3.051,14.66,17.711,1.498509581
10,14,63800663.73,3.055,14.659,17.714,1.498509579
10,15,63800663.78,3.06,14.659,17.719,1.498509581
10,16,63800663.98,3.062,14.659,17.721,1.498509585
10,17,63800664.19,3.064,14.66,17.724,1.49850959
10,18,63800663.1,3.067,14.661,17.728,1.498509565
10,19,63800663.64,3.073,14.66,17.733,1.498509577
10,20,63800663.55,3.079,14.659,17.738,1.498509575
10,21,63800663.6,3.083,14.657,17.74,1.498509576
10,22,63800663.86,3.087,14.657,17.744,1.498509582
10,23,63800663.22,3.09,14.656,17.746,1.498509567
10,24,63800664.21,3.091,14.655,17.746,1.498509591
10,25,63800663.51,3.094,14.657,17.751,1.498509574
10,26,63800663.11,3.096,14.659,17.755,1.498509565
10,27,63800663.56,3.099,14.659,17.758,1.498509575
10,28,63800663.07,3.104,14.658,17.762,1.498509564
10,29,63800663.37,3.107,14.658,17.765,1.498509571
10,30,63800663.58,3.109,14.658,17.767,1.498509576
10,31,63800663.4,3.113,14.658,17.771,1.498509572
10,32,63800663.4,3.117,14.658,17.775,1.498509572
10,33,63800662.63,3.118,14.658,17.776,1.498509554
10,34,63800663.43,3.121,14.658,17.779,1.498509572
10,35,63800662.73,3.124,14.659,17.783,1.498509556
10,36,63800663.4,3.125,14.66,17.785,1.498509572
10,37,63800662.97,3.129,14.66,17.789,1.498509562
10,38,63800663.3,3.133,14.661,17.794,1.498509569
10,39,63800663.15,3.136,14.66,17.796,1.498509566
10,40,63800662.56,3.139,14.66,17.799,1.498509552
10,41,63800663.1,3.136,14.66,17.796,1.498509565
10,42,63800662.99,3.128,14.661,17.789,1.498509562
10,43,63800662.71,3.123,14.661,17.784,1.498509555
10,44,63800663.01,3.119,14.662,17.781,1.498509562
10,45,63800662.63,3.112,14.662,17.774,1.498509553
10,46,63800662.3,3.108,14.662,17.77,1.498509546
10,47,63800662.66,3.105,14.663,17.768,1.498509554
10,48,63800662.87,3.101,14.663,17.764,1.498509559
10,49,63800662.5,3.099,14.664,17.763,1.49850955
10,50,63800662.36,3.096,14.663,17.759,1.498509547
10,51,63800661.88,3.092,14.663,17.755,1.498509536
10,52,63800662.56,3.089,14.664,17.753,1.498509552
10,53,63800662.48,3.084,14.663,17.747,1.49850955
10,54,63800662.5,3.082,14.663,17.745,1.498509551
10,55,63800662,3.08,14.663,17.743,1.498509539
10,56,63800662.36,3.077,14.663,17.74,1.498509547
10,57,63800662.28,3.075,14.663,17.738,1.498509545
10,58,63800662.03,3.071,14.663,17.734,1.498509539
10,59,63800662.18,3.068,14.663,17.731,1.498509543
10,60,63800661.77,3.065,14.663,17.728,1.498509533
11,1,63800662.04,3.062,14.664,17.726,1.49850954
11,2,63800661.92,3.057,14.665,17.722,1.498509537
11,3,63800661.86,3.058,14.666,17.724,1.498509536
11,4,63800661.97,3.052,14.667,17.719,1.498509538
11,5,63800661.37,3.052,14.668,17.72,1.498509524
11,6,63800661.6,3.049,14.669,17.718,1.498509529
11,7,63800661.22,3.048,14.669,17.717,1.49850952
11,8,63800661.56,3.046,14.668,17.714,1.498509528
11,9,63800661.29,3.043,14.668,17.711,1.498509522
11,10,63800661.15,3.042,14.667,17.709,1.498509519
11,11,63800661.34,3.04,14.668,17.708,1.498509523
11,12,63800661.25,3.039,14.669,17.708,1.498509521
11,13,63800661.59,3.037,14.669,17.706,1.498509529
11,14,63800661.17,3.034,14.669,17.703,1.498509519
11,15,63800660.91,3.033,14.669,17.702,1.498509513
11,16,63800660.9,3.032,14.669,17.701,1.498509513
11,17,63800660.6,3.031,14.669,17.7,1.498509506
11,18,63800660.75,3.029,14.669,17.698,1.498509509
11,19,63800661.12,3.03,14.669,17.699,1.498509518
11,20,63800661.46,3.026,14.669,17.695,1.498509526
11,21,63800661.17,3.023,14.669,17.692,1.498509519
11,22,63800661.28,3.022,14.67,17.692,1.498509522
11,23,63800659.84,3.021,14.67,17.691,1.498509488
11,24,63800659.83,3.019,14.67,17.689,1.498509488
11,25,63800661.08,3.018,14.671,17.689,1.498509517
11,26,63800660.69,3.017,14.671,17.688,1.498509508
11,27,63800660.65,3.015,14.671,17.686,1.498509507
11,28,63800660.94,3.015,14.671,17.686,1.498509514
11,29,63800660.84,3.013,14.671,17.684,1.498509511
11,30,63800660.56,3.01,14.671,17.681,1.498509505
11,31,63800661.15,3.011,14.672,17.683,1.498509519
11,32,63800661.47,3.008,14.672,17.68,1.498509526
11,33,63800662.12,3.005,14.673,17.678,1.498509541
11,34,63800662.46,3.005,14.673,17.678,1.498509549
11,35,63800662.36,3.005,14.674,17.679,1.498509547
11,36,63800662.66,3.002,14.675,17.677,1.498509554
11,37,63800662.79,3.003,14.674,17.677,1.498509557
11,38,63800662.93,3.002,14.673,17.675,1.498509561
11,39,63800663.05,3.001,14.673,17.674,1.498509563
11,40,63800663.5,3,14.674,17.674,1.498509574
11,41,63800663.75,2.999,14.674,17.673,1.49850958
11,42,63800663.36,2.999,14.673,17.672,1.498509571
11,43,63800664.22,2.996,14.673,17.669,1.498509591
11,44,63800664.74,2.995,14.673,17.668,1.498509603
11,45,63800664.69,2.994,14.674,17.668,1.498509602
11,46,63800664.63,2.994,14.674,17.668,1.498509601
11,47,63800664.92,2.993,14.673,17.666,1.498509607
11,48,63800665.73,2.991,14.673,17.664,1.498509626
11,49,63800665.8,2.99,14.673,17.663,1.498509628
11,50,63800666.3,2.989,14.674,17.663,1.49850964
11,51,63800665.83,2.988,14.673,17.661,1.498509629
11,52,63800666.22,2.988,14.673,17.661,1.498509638
11,53,63800666.69,2.988,14.673,17.661,1.498509649
11,54,63800666.55,2.986,14.673,17.659,1.498509646
11,55,63800666.84,2.984,14.674,17.658,1.498509652
11,56,63800667.78,2.981,14.675,17.656,1.498509675
11,57,63800668.09,2.98,14.676,17.656,1.498509682
11,58,63800667.8,2.98,14.677,17.657,1.498509675
11,59,63800668.76,2.98,14.677,17.657,1.498509697
11,60,63800668.77,2.978,14.676,17.654,1.498509698
12,1,63800668.75,2.979,14.676,17.655,1.498509697
12,2,63800669.32,2.978,14.676,17.654,1.498509711
12,3,63800669.3,2.975,14.676,17.651,1.49850971
12,4,63800669.06,2.974,14.677,17.651,1.498509704
12,5,63800669.78,2.972,14.678,17.65,1.498509721
12,6,63800669.93,2.972,14.677,17.649,1.498509725
12,7,63800670.38,2.971,14.677,17.648,1.498509736
12,8,63800670.52,2.97,14.677,17.647,1.498509739
12,9,63800671.29,2.969,14.678,17.647,1.498509757
12,10,63800671.16,2.969,14.679,17.648,1.498509754
12,11,63800671.51,2.963,14.679,17.642,1.498509762
12,12,63800671.32,2.961,14.681,17.642,1.498509758
12,13,63800672.04,2.963,14.682,17.645,1.498509775
12,14,63800671.76,2.96,14.681,17.641,1.498509768
12,15,63800672.44,2.959,14.681,17.64,1.498509784
12,16,63800673,2.959,14.682,17.641,1.498509797
12,17,63800672.85,2.959,14.682,17.641,1.498509793
12,18,63800673.47,2.959,14.681,17.64,1.498509808
12,19,63800673.36,2.956,14.681,17.637,1.498509805
12,20,63800673.34,2.956,14.682,17.638,1.498509805
12,21,63800673.48,2.954,14.682,17.636,1.498509808
12,22,63800674.01,2.954,14.682,17.636,1.498509821
12,23,63800674.69,2.953,14.683,17.636,1.498509837
12,24,63800674.88,2.952,14.683,17.635,1.498509841
12,25,63800675.2,2.951,14.683,17.634,1.498509849
12,26,63800674.5,2.952,14.683,17.635,1.498509832
12,27,63800675.07,2.949,14.683,17.632,1.498509846
12,28,63800674.81,2.95,14.683,17.633,1.49850984
12,29,63800676.28,2.949,14.683,17.632,1.498509874
12,30,63800675.88,2.949,14.683,17.632,1.498509865
12,31,63800676.55,2.948,14.682,17.63,1.49850988
12,32,63800676.25,2.95,14.682,17.632,1.498509873
12,33,63800676.52,2.947,14.681,17.628,1.49850988
12,34,63800676.94,2.948,14.681,17.629,1.49850989
12,35,63800677.22,2.948,14.68,17.628,1.498509896
12,36,63800677.8,2.947,14.68,17.627,1.49850991
12,37,63800677.89,2.948,14.679,17.627,1.498509912
12,38,63800678.17,2.947,14.678,17.625,1.498509918
12,39,63800678.1,2.949,14.677,17.626,1.498509917
12,40,63800678.7,2.947,14.677,17.624,1.498509931
12,41,63800678.06,2.947,14.676,17.623,1.498509916
12,42,63800678.51,2.947,14.676,17.623,1.498509927
12,43,63800679,2.948,14.675,17.623,1.498509938
12,44,63800679.25,2.946,14.675,17.621,1.498509944
12,45,63800679.75,2.947,14.674,17.621,1.498509956
12,46,63800679.92,2.947,14.674,17.621,1.49850996
12,47,63800680.1,2.948,14.674,17.622,1.498509964
12,48,63800680.31,2.945,14.673,17.618,1.498509969
12,49,63800680.53,2.945,14.673,17.618,1.498509974
12,50,63800680.06,2.945,14.673,17.618,1.498509963
12,51,63800680.03,2.944,14.673,17.617,1.498509962
12,52,63800679.37,2.945,14.673,17.618,1.498509947
12,53,63800679.16,2.944,14.673,17.617,1.498509942
12,54,63800679.42,2.943,14.673,17.616,1.498509948
12,55,63800679.81,2.943,14.673,17.616,1.498509957
12,56,63800679.35,2.941,14.673,17.614,1.498509946
12,57,63800679.23,2.943,14.672,17.615,1.498509943
12,58,63800678.45,2.942,14.671,17.613,1.498509925
12,59,63800679.19,2.943,14.671,17.614,1.498509943
12,60,63800678.82,2.942,14.67,17.612,1.498509934
13,1,63800678.09,2.942,14.67,17.612,1.498509917
13,2,63800678.44,2.941,14.671,17.612,1.498509925
13,3,63800678.32,2.939,14.671,17.61,1.498509922
13,4,63800678.18,2.938,14.671,17.609,1.498509919
13,5,63800678.24,2.937,14.672,17.609,1.49850992
13,6,63800677.63,2.936,14.673,17.609,1.498509906
13,7,63800677.7,2.934,14.673,17.607,1.498509907
13,8,63800677.42,2.935,14.673,17.608,1.498509901
13,9,63800677.82,2.935,14.673,17.608,1.49850991
13,10,63800676.85,2.932,14.673,17.605,1.498509888
13,11,63800677.34,2.934,14.673,17.607,1.498509899
13,12,63800676.8,2.933,14.673,17.606,1.498509886
13,13,63800676.85,2.932,14.673,17.605,1.498509888
13,14,63800676.57,2.932,14.673,17.605,1.498509881
13,15,63800676.45,2.929,14.674,17.603,1.498509878
13,16,63800676.42,2.939,14.675,17.614,1.498509877
13,17,63800676.17,2.95,14.676,17.626,1.498509872
13,18,63800676.1,2.961,14.677,17.638,1.49850987
13,19,63800675.48,2.967,14.677,17.644,1.498509855
13,20,63800676.12,2.977,14.678,17.655,1.49850987
13,21,63800675.66,2.982,14.679,17.661,1.49850986
13,22,63800675.56,2.987,14.68,17.667,1.498509857
13,23,63800674.99,2.992,14.68,17.672,1.498509844
13,24,63800675.57,2.998,14.681,17.679,1.498509857
13,25,63800675,3.001,14.681,17.682,1.498509844
13,26,63800674.98,3.006,14.68,17.686,1.498509843
13,27,63800674.67,3.01,14.681,17.691,1.498509836
13,28,63800674.36,3.016,14.681,17.697,1.498509829
13,29,63800674.6,3.021,14.681,17.702,1.498509835
13,30,63800674.88,3.023,14.681,17.704,1.498509841
13,31,63800673.92,3.027,14.681,17.708,1.498509819
13,32,63800674.33,3.031,14.681,17.712,1.498509828
13,33,63800673.59,3.034,14.681,17.715,1.498509811
13,34,63800674.55,3.039,14.681,17.72,1.498509833
13,35,63800674.24,3.043,14.681,17.724,1.498509826
13,36,63800674.11,3.048,14.68,17.728,1.498509823
13,37,63800673.09,3.052,14.68,17.732,1.498509799
13,38,63800673.57,3.055,14.68,17.735,1.49850981
13,39,63800674.1,3.059,14.679,17.738,1.498509823
13,40,63800673.25,3.063,14.679,17.742,1.498509803
13,41,63800672.92,3.066,14.679,17.745,1.498509795
13,42,63800672.83,3.068,14.678,17.746,1.498509793
13,43,63800673.6,3.071,14.679,17.75,1.498509811
13,44,63800673.37,3.075,14.68,17.755,1.498509806
13,45,63800672.14,3.079,14.68,17.759,1.498509777
13,46,63800672.82,3.082,14.679,17.761,1.498509793
13,47,63800672.84,3.085,14.679,17.764,1.498509793
13,48,63800672.43,3.088,14.68,17.768,1.498509784
13,49,63800672.25,3.093,14.68,17.773,1.498509779
13,50,63800672.8,3.095,14.679,17.774,1.498509792
13,51,63800672.64,3.098,14.679,17.777,1.498509789
13,52,63800672.99,3.101,14.679,17.78,1.498509797
13,53,63800672.32,3.105,14.679,17.784,1.498509781
13,54,63800672.71,3.106,14.678,17.784,1.49850979
13,55,63800671.88,3.112,14.678,17.79,1.498509771
13,56,63800671.18,3.115,14.678,17.793,1.498509754
13,57,63800671.77,3.117,14.678,17.795,1.498509768
13,58,63800671.57,3.118,14.679,17.797,1.498509763
13,59,63800671.98,3.114,14.679,17.793,1.498509773
13,60,63800671.86,3.109,14.679,17.788,1.49850977
14,1,63800671.6,3.103,14.679,17.782,1.498509764
14,2,63800670.96,3.101,14.678,17.779,1.498509749
14,3,63800671.27,3.099,14.678,17.777,1.498509756
14,4,63800670.6,3.094,14.678,17.772,1.498509741
14,5,63800671.51,3.091,14.677,17.768,1.498509762
14,6,63800671.1,3.087,14.677,17.764,1.498509752
14,7,63800670.77,3.081,14.677,17.758,1.498509745
14,8,63800671.06,3.079,14.677,17.756,1.498509752
14,9,63800670.47,3.076,14.677,17.753,1.498509738
14,10,63800671.05,3.071,14.677,17.748,1.498509751
14,11,63800670.45,3.07,14.677,17.747,1.498509737
14,12,63800669.68,3.067,14.677,17.744,1.498509719
14,13,63800669.73,3.066,14.676,17.742,1.49850972
14,14,63800670.29,3.063,14.676,17.739,1.498509733
14,15,63800670.47,3.061,14.676,17.737,1.498509738
14,16,63800670.45,3.057,14.676,17.733,1.498509737
14,17,63800670.1,3.055,14.676,17.731,1.498509729
14,18,63800670.45,3.051,14.676,17.727,1.498509737
14,19,63800669.66,3.051,14.676,17.727,1.498509719
14,20,63800669.69,3.05,14.675,17.725,1.498509719
14,21,63800670.38,3.047,14.675,17.722,1.498509735
14,22,63800669.41,3.046,14.675,17.721,1.498509713
14,23,63800668.88,3.042,14.674,17.716,1.4985097
14,24,63800669.59,3.042,14.674,17.716,1.498509717
14,25,63800669.21,3.04,14.674,17.714,1.498509708
14,26,63800668.86,3.036,14.674,17.71,1.4985097
14,27,63800669.77,3.037,14.674,17.711,1.498509721
14,28,63800669.81,3.034,14.673,17.707,1.498509722
14,29,63800669.08,3.034,14.673,17.707,1.498509705
14,30,63800668.76,3.032,14.673,17.705,1.498509697
14,31,63800669.41,3.031,14.674,17.705,1.498509713
14,32,63800669.05,3.031,14.674,17.705,1.498509704
14,33,63800668.71,3.027,14.674,17.701,1.498509696
14,34,63800668.15,3.024,14.674,17.698,1.498509683
14,35,63800668.88,3.025,14.675,17.7,1.4985097
14,36,63800668.34,3.022,14.675,17.697,1.498509688
14,37,63800668.32,3.021,14.675,17.696,1.498509687
14,38,63800668.69,3.022,14.675,17.697,1.498509696
14,39,63800668.4,3.018,14.675,17.693,1.498509689
14,40,63800668.56,3.017,14.675,17.692,1.498509693
14,41,63800668.16,3.018,14.675,17.693,1.498509683
14,42,63800668.16,3.017,14.674,17.691,1.498509683
14,43,63800668.46,3.015,14.673,17.688,1.49850969
14,44,63800668.28,3.012,14.674,17.686,1.498509686
14,45,63800668.57,3.013,14.674,17.687,1.498509693
14,46,63800668.12,3.012,14.673,17.685,1.498509682
14,47,63800667.72,3.011,14.673,17.684,1.498509673
14,48,63800668.16,3.01,14.673,17.683,1.498509683
14,49,63800668.76,3.011,14.672,17.683,1.498509697
14,50,63800668.11,3.011,14.671,17.682,1.498509682
14,51,63800668.14,3.01,14.671,17.681,1.498509683
14,52,63800667.9,3.008,14.67,17.678,1.498509677
14,53,63800668.02,3.008,14.67,17.678,1.49850968
14,54,63800667.5,3.005,14.67,17.675,1.498509668
14,55,63800667.5,3.008,14.669,17.677,1.498509668
14,56,63800667.5,3.006,14.668,17.674,1.498509668
14,57,63800667.26,3.007,14.668,17.675,1.498509662
14,58,63800667.82,3.006,14.667,17.673,1.498509675
14,59,63800667.05,3.004,14.667,17.671,1.498509657
14,60,63800667.05,3.006,14.666,17.672,1.498509657
15,1,63800666.88,3.004,14.666,17.67,1.498509653
15,2,63800667.23,3.003,14.666,17.669,1.498509662
15,3,63800666.36,3.004,14.666,17.67,1.498509641
15,4,63800667.37,3.002,14.665,17.667,1.498509665
15,5,63800666.66,3.002,14.665,17.667,1.498509648
15,6,63800667.07,3.001,14.665,17.666,1.498509658
15,7,63800667.03,2.999,14.665,17.664,1.498509657
15,8,63800666.98,3.001,14.665,17.666,1.498509656
15,9,63800666.79,2.998,14.665,17.663,1.498509651
15,10,63800667.2,2.999,14.665,17.664,1.498509661
15,11,63800666.1,2.996,14.664,17.66,1.498509635
15,12,63800667.04,2.996,14.664,17.66,1.498509657
15,13,63800666.65,2.995,14.664,17.659,1.498509648
15,14,63800666.97,2.995,14.663,17.658,1.498509655
15,15,63800666.48,2.994,14.663,17.657,1.498509644
15,16,63800666.49,2.994,14.663,17.657,1.498509644
15,17,63800666.74,2.994,14.663,17.657,1.49850965
15,18,63800666.57,2.993,14.663,17.656,1.498509646
15,19,63800666.24,2.991,14.663,17.654,1.498509638
15,20,63800667.19,2.991,14.663,17.654,1.498509661
15,21,63800667.63,2.989,14.663,17.652,1.498509671
15,22,63800667.88,2.99,14.663,17.653,1.498509677
15,23,63800667.49,2.986,14.663,17.649,1.498509668
15,24,63800667.24,2.987,14.663,17.65,1.498509662
15,25,63800666.54,2.986,14.663,17.649,1.498509645
15,26,63800666.74,2.985,14.663,17.648,1.49850965
15,27,63800666.27,2.986,14.663,17.649,1.498509639
15,28,63800665.98,2.985,14.663,17.648,1.498509632
15,29,63800665.8,2.983,14.663,17.646,1.498509628
15,30,63800666.11,2.983,14.663,17.646,1.498509635
15,31,63800665.87,2.982,14.663,17.645,1.49850963
15,32,63800665.72,2.982,14.663,17.645,1.498509626
15,33,63800666.04,2.981,14.663,17.644,1.498509633
15,34,63800666.22,2.979,14.663,17.642,1.498509638
15,35,63800665.8,2.979,14.663,17.642,1.498509628
15,36,63800665.54,2.977,14.663,17.64,1.498509622
15,37,63800665.53,2.978,14.663,17.641,1.498509622
15,38,63800666.22,2.977,14.663,17.64,1.498509638
15,39,63800665.61,2.975,14.663,17.638,1.498509623
15,40,63800664.9,2.975,14.662,17.637,1.498509607
15,41,63800664.83,2.973,14.663,17.636,1.498509605
15,42,63800664.88,2.973,14.663,17.636,1.498509606
15,43,63800665.3,2.971,14.664,17.635,1.498509616
15,44,63800638.19,2.971,14.664,17.635,1.498508979
15,45,63800671.16,2.969,14.664,17.633,1.498509754
15,46,63800665.68,2.969,14.664,17.633,1.498509625
15,47,63800664.03,2.969,14.664,17.633,1.498509586
15,48,63800663.93,2.966,14.664,17.63,1.498509584
15,49,63800662.99,2.966,14.664,17.63,1.498509562
15,50,63800663.46,2.966,14.664,17.63,1.498509573
15,51,63800663.06,2.967,14.664,17.631,1.498509564
15,52,63800663.72,2.967,14.664,17.631,1.498509579
15,53,63800662.97,2.967,14.663,17.63,1.498509561
15,54,63800663.02,2.964,14.663,17.627,1.498509563
15,55,63800662.84,2.965,14.663,17.628,1.498509558
15,56,63800662.94,2.963,14.663,17.626,1.498509561
15,57,63800663.17,2.963,14.663,17.626,1.498509566
15,58,63800663.79,2.964,14.663,17.627,1.498509581
15,59,63800663.09,2.962,14.663,17.625,1.498509564
15,60,63800664.13,2.963,14.662,17.625,1.498509589
16,1,63800663.58,2.962,14.662,17.624,1.498509576
16,2,63800664.03,2.962,14.662,17.624,1.498509586
16,3,63800663.78,2.96,14.661,17.621,1.498509581
16,4,63800663.93,2.961,14.661,17.622,1.498509584
16,5,63800664.04,2.959,14.662,17.621,1.498509587
16,6,63800664.15,2.96,14.662,17.622,1.498509589
16,7,63800664.52,2.959,14.661,17.62,1.498509598
16,8,63800665.17,2.959,14.661,17.62,1.498509613
16,9,63800665.29,2.955,14.661,17.616,1.498509616
16,10,63800664.85,2.957,14.661,17.618,1.498509606
16,11,63800665.87,2.955,14.662,17.617,1.49850963
16,12,63800665.61,2.955,14.662,17.617,1.498509623
16,13,63800665.98,2.956,14.662,17.618,1.498509632
16,14,63800666.28,2.954,14.661,17.615,1.498509639
16,15,63800665.85,2.953,14.661,17.614,1.498509629
16,16,63800666.03,2.953,14.661,17.614,1.498509633
16,17,63800666.8,2.953,14.661,17.614,1.498509651
16,18,63800666.79,2.954,14.661,17.615,1.498509651
16,19,63800667.09,2.953,14.661,17.614,1.498509658
16,20,63800667.05,2.953,14.66,17.613,1.498509657
16,21,63800667.48,2.953,14.66,17.613,1.498509667
16,22,63800667.49,2.953,14.66,17.613,1.498509668
16,23,63800667.16,2.951,14.66,17.611,1.49850966
16,24,63800668.14,2.951,14.66,17.611,1.498509683
16,25,63800668.17,2.949,14.66,17.609,1.498509684
16,26,63800668.13,2.948,14.66,17.608,1.498509683
16,27,63800668.67,2.949,14.66,17.609,1.498509695
16,28,63800669.59,2.949,14.66,17.609,1.498509717
16,29,63800669.07,2.949,14.66,17.609,1.498509705
16,30,63800669,2.948,14.659,17.607,1.498509703
16,31,63800670.14,2.949,14.659,17.608,1.49850973
16,32,63800669.91,2.948,14.659,17.607,1.498509725
16,33,63800670.19,2.947,14.659,17.606,1.498509731
16,34,63800670.19,2.946,14.659,17.605,1.498509731
16,35,63800670.57,2.946,14.659,17.605,1.49850974
16,36,63800670.38,2.947,14.659,17.606,1.498509736
16,37,63800671.21,2.943,14.659,17.602,1.498509755
16,38,63800671.76,2.944,14.66,17.604,1.498509768
16,39,63800672.06,2.942,14.66,17.602,1.498509775
16,40,63800671.68,2.944,14.659,17.603,1.498509766
16,41,63800672.07,2.945,14.659,17.604,1.498509775
16,42,63800672.13,2.944,14.659,17.603,1.498509777
16,43,63800672.53,2.955,14.659,17.614,1.498509786
16,44,63800672.86,2.967,14.658,17.625,1.498509794
16,45,63800672.89,2.978,14.658,17.636,1.498509794
16,46,63800673.38,2.988,14.658,17.646,1.498509806
16,47,63800673.15,2.997,14.657,17.654,1.498509801
16,48,63800673.74,3.003,14.657,17.66,1.498509814
16,49,63800673.93,3.009,14.656,17.665,1.498509819
16,50,63800674.64,3.016,14.656,17.672,1.498509835
16,51,63800674.99,3.021,14.656,17.677,1.498509844
16,52,63800674.59,3.026,14.655,17.681,1.498509835
16,53,63800675.03,3.03,14.655,17.685,1.498509845
16,54,63800675.16,3.034,14.655,17.689,1.498509848
16,55,63800675.63,3.038,14.655,17.693,1.498509859
16,56,63800675.2,3.043,14.655,17.698,1.498509849
16,57,63800676.45,3.047,14.656,17.703,1.498509878
16,58,63800676.8,3.05,14.655,17.705,1.498509886
16,59,63800676.63,3.054,14.655,17.709,1.498509882
16,60,63800676.89,3.057,14.655,17.712,1.498509888
17,1,63800676.62,3.063,14.656,17.719,1.498509882
17,2,63800677.2,3.066,14.656,17.722,1.498509896
17,3,63800677.43,3.07,14.656,17.726,1.498509901
17,4,63800677.55,3.073,14.655,17.728,1.498509904
17,5,63800677.64,3.077,14.655,17.732,1.498509906
17,6,63800678.11,3.081,14.655,17.736,1.498509917
17,7,63800678.7,3.084,14.655,17.739,1.498509931
17,8,63800678.42,3.088,14.655,17.743,1.498509924
17,9,63800678.27,3.091,14.654,17.745,1.498509921
17,10,63800678.25,3.095,14.654,17.749,1.49850992
17,11,63800679.11,3.099,14.654,17.753,1.498509941
17,12,63800679.33,3.103,14.654,17.757,1.498509946
17,13,63800679.68,3.104,14.654,17.758,1.498509954
17,14,63800679.51,3.108,14.653,17.761,1.49850995
17,15,63800679.98,3.11,14.654,17.764,1.498509961
17,16,63800679.92,3.114,14.654,17.768,1.49850996
17,17,63800680.05,3.117,14.654,17.771,1.498509963
17,18,63800680.28,3.122,14.654,17.776,1.498509968
17,19,63800680.88,3.124,14.654,17.778,1.498509982
17,20,63800680.82,3.126,14.654,17.78,1.498509981
17,21,63800681.23,3.13,14.655,17.785,1.49850999
17,22,63800680.98,3.131,14.655,17.786,1.498509984
17,23,63800680.83,3.137,14.655,17.792,1.498509981
17,24,63800681.83,3.139,14.655,17.794,1.498510004
17,25,63800682.04,3.14,14.655,17.795,1.498510009
17,26,63800681.89,3.142,14.655,17.797,1.498510006
17,27,63800681.9,3.14,14.655,17.795,1.498510006
17,28,63800682.81,3.131,14.655,17.786,1.498510028
17,29,63800683.12,3.127,14.655,17.782,1.498510035
17,30,63800682.23,3.124,14.655,17.779,1.498510014
17,31,63800682.5,3.119,14.655,17.774,1.49851002
17,32,63800682.26,3.117,14.655,17.772,1.498510014
17,33,63800682.46,3.111,14.655,17.766,1.498510019
17,34,63800681.7,3.107,14.656,17.763,1.498510001
17,35,63800682.08,3.103,14.656,17.759,1.49851001
17,36,63800682.13,3.1,14.656,17.756,1.498510012
17,37,63800681.14,3.096,14.657,17.753,1.498509988
17,38,63800681.41,3.092,14.656,17.748,1.498509995
17,39,63800681.5,3.091,14.656,17.747,1.498509997
17,40,63800681.27,3.086,14.656,17.742,1.498509991
17,41,63800681.22,3.083,14.656,17.739,1.49850999
17,42,63800681.07,3.08,14.656,17.736,1.498509987
17,43,63800681.43,3.079,14.656,17.735,1.498509995
17,44,63800680.58,3.075,14.656,17.731,1.498509975
17,45,63800680.42,3.073,14.656,17.729,1.498509971
17,46,63800679.95,3.072,14.656,17.728,1.49850996
17,47,63800680,3.069,14.656,17.725,1.498509961
17,48,63800679.72,3.069,14.656,17.725,1.498509955
17,49,63800679.46,3.065,14.656,17.721,1.498509949
17,50,63800679,3.062,14.656,17.718,1.498509938
17,51,63800678.98,3.062,14.656,17.718,1.498509937
17,52,63800678.87,3.06,14.656,17.716,1.498509935
17,53,63800678.96,3.06,14.656,17.716,1.498509937
17,54,63800678.07,3.057,14.656,17.713,1.498509916
17,55,63800677.91,3.053,14.656,17.709,1.498509912
17,56,63800677.68,3.053,14.656,17.709,1.498509907
17,57,63800677.58,3.051,14.656,17.707,1.498509905
17,58,63800676.97,3.048,14.657,17.705,1.49850989
17,59,63800677.04,3.046,14.657,17.703,1.498509892
17,60,63800677.14,3.044,14.657,17.701,1.498509894
18,1,63800676.52,3.043,14.658,17.701,1.49850988
18,2,63800676.58,3.042,14.658,17.7,1.498509881
18,3,63800676.08,3.04,14.658,17.698,1.498509869
18,4,63800675.76,3.04,14.658,17.698,1.498509862
18,5,63800675.81,3.039,14.657,17.696,1.498509863
18,6,63800675.17,3.037,14.657,17.694,1.498509848
18,7,63800675.53,3.035,14.657,17.692,1.498509856
18,8,63800675.19,3.034,14.658,17.692,1.498509848
18,9,63800675.31,3.033,14.658,17.691,1.498509851
18,10,63800674.91,3.031,14.658,17.689,1.498509842
18,11,63800675.04,3.031,14.658,17.689,1.498509845
18,12,63800674.81,3.03,14.657,17.687,1.49850984
18,13,63800674.27,3.028,14.657,17.685,1.498509827
18,14,63800674.56,3.027,14.657,17.684,1.498509834
18,15,63800673.46,3.029,14.657,17.686,1.498509808
18,16,63800674.12,3.025,14.657,17.682,1.498509823
18,17,63800673.84,3.025,14.656,17.681,1.498509817
18,18,63800673.13,3.023,14.657,17.68,1.4985098
18,19,63800672.87,3.024,14.657,17.681,1.498509794
18,20,63800673.03,3.022,14.657,17.679,1.498509798
18,21,63800672.52,3.02,14.657,17.677,1.498509786
18,22,63800672.63,3.019,14.657,17.676,1.498509788
18,23,63800672.17,3.019,14.657,17.676,1.498509777
18,24,63800672.36,3.017,14.657,17.674,1.498509782
18,25,63800671.95,3.017,14.657,17.674,1.498509772
18,26,63800672.13,3.014,14.657,17.671,1.498509777
18,27,63800671.95,3.012,14.657,17.669,1.498509772
18,28,63800671.58,3.014,14.657,17.671,1.498509764
18,29,63800671.25,3.011,14.657,17.668,1.498509756
18,30,63800671.42,3.01,14.657,17.667,1.49850976
18,31,63800671.01,3.01,14.657,17.667,1.49850975
18,32,63800671.3,3.009,14.657,17.666,1.498509757
18,33,63800670.57,3.007,14.658,17.665,1.49850974
18,34,63800670.17,3.004,14.658,17.662,1.498509731
18,35,63800670.19,3.006,14.659,17.665,1.498509731
18,36,63800670.06,3.003,14.659,17.662,1.498509728
18,37,63800669.93,3.003,14.659,17.662,1.498509725
18,38,63800670.13,3.001,14.66,17.661,1.49850973
18,39,63800669.55,2.999,14.66,17.659,1.498509716
18,40,63800669.93,3,14.66,17.66,1.498509725
18,41,63800669.46,2.998,14.66,17.658,1.498509714
18,42,63800669.8,2.997,14.659,17.656,1.498509722
18,43,63800669.14,2.997,14.659,17.656,1.498509706
18,44,63800669.55,2.994,14.659,17.653,1.498509716
18,45,63800668.97,2.995,14.659,17.654,1.498509702
18,46,63800668.43,2.996,14.659,17.655,1.49850969
18,47,63800668.18,2.992,14.659,17.651,1.498509684
18,48,63800668.86,2.99,14.659,17.649,1.4985097
18,49,63800668.41,2.993,14.659,17.652,1.498509689
18,50,63800668.47,2.99,14.659,17.649,1.498509691
18,51,63800668.06,2.99,14.659,17.649,1.498509681
18,52,63800668.11,2.989,14.659,17.648,1.498509682
18,53,63800668.12,2.989,14.659,17.648,1.498509682
18,54,63800668.4,2.986,14.659,17.645,1.498509689
18,55,63800667.51,2.987,14.66,17.647,1.498509668
18,56,63800667.48,2.986,14.66,17.646,1.498509667
18,57,63800667.78,2.983,14.66,17.643,1.498509675
18,58,63800667.24,2.982,14.66,17.642,1.498509662
18,59,63800667.12,2.984,14.66,17.644,1.498509659
18,60,63800667.17,2.981,14.66,17.641,1.49850966
19,1,63800667.15,2.982,14.66,17.642,1.49850966
19,2,63800666.58,2.981,14.66,17.641,1.498509646
19,3,63800666.56,2.981,14.66,17.641,1.498509646
19,4,63800666.96,2.978,14.66,17.638,1.498509655
19,5,63800666.74,2.979,14.66,17.639,1.49850965
19,6,63800666.51,2.978,14.66,17.638,1.498509645
19,7,63800666.34,2.977,14.66,17.637,1.498509641
19,8,63800666.39,2.976,14.66,17.636,1.498509642
19,9,63800666.15,2.975,14.66,17.635,1.498509636
19,10,63800665.63,2.972,14.66,17.632,1.498509624
19,11,63800665.95,2.975,14.66,17.635,1.498509631
19,12,63800666.29,2.973,14.66,17.633,1.49850964
19,13,63800665.42,2.972,14.66,17.632,1.498509619
19,14,63800664.85,2.97,14.66,17.63,1.498509606
19,15,63800665.24,2.971,14.66,17.631,1.498509615
19,16,63800665.41,2.972,14.66,17.632,1.498509619
19,17,63800664.89,2.97,14.66,17.63,1.498509606
19,18,63800664.78,2.969,14.66,17.629,1.498509604
19,19,63800664.63,2.97,14.66,17.63,1.4985096
19,20,63800664.71,2.967,14.66,17.627,1.498509602
19,21,63800664.67,2.968,14.66,17.628,1.498509602
19,22,63800664.48,2.965,14.66,17.625,1.498509597
19,23,63800663.9,2.966,14.66,17.626,1.498509583
19,24,63800664.54,2.965,14.66,17.625,1.498509598
19,25,63800664.14,2.965,14.66,17.625,1.498509589
19,26,63800663.5,2.964,14.66,17.624,1.498509574
19,27,63800663.94,2.963,14.66,17.623,1.498509584
19,28,63800663.9,2.961,14.66,17.621,1.498509583
19,29,63800663.99,2.961,14.66,17.621,1.498509586
19,30,63800664.46,2.96,14.66,17.62,1.498509596
19,31,63800663.95,2.96,14.661,17.621,1.498509584
19,32,63800663.41,2.961,14.661,17.622,1.498509572
19,33,63800663.31,2.958,14.661,17.619,1.49850957
19,34,63800663.84,2.958,14.661,17.619,1.498509582
19,35,63800663.38,2.957,14.661,17.618,1.498509571
19,36,63800663.31,2.956,14.662,17.618,1.498509569
19,37,63800663.3,2.954,14.662,17.616,1.498509569
19,38,63800662.92,2.956,14.662,17.618,1.49850956
19,39,63800663.24,2.954,14.662,17.616,1.498509568
19,40,63800662.45,2.953,14.662,17.615,1.498509549
19,41,63800662.72,2.954,14.662,17.616,1.498509556
19,42,63800663.04,2.953,14.662,17.615,1.498509563
19,43,63800662.65,2.951,14.662,17.613,1.498509554
19,44,63800662.57,2.951,14.661,17.612,1.498509552
19,45,63800662.59,2.951,14.661,17.612,1.498509552
19,46,63800662.58,2.95,14.661,17.611,1.498509552
19,47,63800662.23,2.949,14.661,17.61,1.498509544
19,48,63800662.21,2.95,14.661,17.611,1.498509544
19,49,63800662.05,2.951,14.661,17.612,1.49850954
19,50,63800661.88,2.949,14.661,17.61,1.498509536
19,51,63800662.09,2.948,14.661,17.609,1.498509541
19,52,63800662.32,2.946,14.661,17.607,1.498509546
19,53,63800660.9,2.948,14.661,17.609,1.498509513
19,54,63800661.58,2.946,14.661,17.607,1.498509529
19,55,63800661.26,2.947,14.661,17.608,1.498509521
19,56,63800661.29,2.947,14.661,17.608,1.498509522
19,57,63800661.25,2.944,14.66,17.604,1.498509521
19,58,63800661.22,2.949,14.66,17.609,1.49850952
19,59,63800661.15,2.945,14.66,17.605,1.498509519
19,60,63800661.43,2.945,14.66,17.605,1.498509525
20,1,63800661.35,2.945,14.66,17.605,1.498509523
20,2,63800661.02,2.945,14.66,17.605,1.498509516
20,3,63800660.88,2.943,14.66,17.603,1.498509512
20,4,63800661.1,2.942,14.66,17.602,1.498509518
20,5,63800661.11,2.94,14.66,17.6,1.498509518
20,6,63800661.29,2.955,14.66,17.615,1.498509522
20,7,63800661.13,2.968,14.66,17.628,1.498509518
20,8,63800660.43,2.979,14.66,17.639,1.498509502
20,9,63800660.81,2.987,14.66,17.647,1.498509511
20,10,63800661.02,2.994,14.661,17.655,1.498509516
20,11,63800660.64,2.999,14.661,17.66,1.498509507
20,12,63800660.89,3.007,14.661,17.668,1.498509513
20,13,63800660.45,3.012,14.662,17.674,1.498509502
20,14,63800660.81,3.016,14.662,17.678,1.498509511
20,15,63800660.87,3.021,14.662,17.683,1.498509512
20,16,63800660.75,3.024,14.662,17.686,1.498509509
20,17,63800659.97,3.03,14.662,17.692,1.498509491
20,18,63800660.74,3.033,14.662,17.695,1.498509509
20,19,63800660.52,3.038,14.662,17.7,1.498509504
20,20,63800660.42,3.042,14.662,17.704,1.498509502
20,21,63800660.5,3.044,14.662,17.706,1.498509503
20,22,63800660.02,3.048,14.662,17.71,1.498509492
20,23,63800660.57,3.052,14.663,17.715,1.498509505
20,24,63800660.23,3.056,14.663,17.719,1.498509497
20,25,63800660.28,3.06,14.663,17.723,1.498509498
20,26,63800660.65,3.063,14.663,17.726,1.498509507
20,27,63800660.73,3.066,14.663,17.729,1.498509509
20,28,63800660.11,3.069,14.663,17.732,1.498509494
20,29,63800660.18,3.071,14.663,17.734,1.498509496
20,30,63800659.89,3.075,14.663,17.738,1.498509489
20,31,63800659.88,3.079,14.663,17.742,1.498509489
20,32,63800660.42,3.083,14.663,17.746,1.498509502
20,33,63800660.07,3.086,14.663,17.749,1.498509493
20,34,63800660.39,3.092,14.663,17.755,1.498509501
20,35,63800659.9,3.092,14.663,17.755,1.498509489
20,36,63800659.99,3.097,14.663,17.76,1.498509491
20,37,63800659.45,3.101,14.663,17.764,1.498509479
20,38,63800659.94,3.105,14.663,17.768,1.49850949
20,39,63800660.05,3.107,14.663,17.77,1.498509493
20,40,63800659.7,3.11,14.663,17.773,1.498509485
20,41,63800659.63,3.112,14.663,17.775,1.498509483
20,42,63800659.66,3.115,14.663,17.778,1.498509484
20,43,63800659.62,3.119,14.663,17.782,1.498509483
20,44,63800659.88,3.122,14.663,17.785,1.498509489
20,45,63800659.5,3.126,14.664,17.79,1.49850948
20,46,63800659.17,3.128,14.664,17.792,1.498509472
20,47,63800659.87,3.13,14.664,17.794,1.498509489
20,48,63800660,3.132,14.664,17.796,1.498509492
20,49,63800659.65,3.132,14.665,17.797,1.498509483
20,50,63800658.82,3.126,14.665,17.791,1.498509464
20,51,63800659.84,3.122,14.665,17.787,1.498509488
20,52,63800659.11,3.116,14.666,17.782,1.498509471
20,53,63800659.79,3.113,14.666,17.779,1.498509487
20,54,63800659.57,3.107,14.666,17.773,1.498509482
20,55,63800659.22,3.103,14.666,17.769,1.498509473
20,56,63800659.32,3.099,14.667,17.766,1.498509476
20,57,63800659.27,3.096,14.667,17.763,1.498509475
20,58,63800659.08,3.091,14.667,17.758,1.49850947
20,59,63800658.9,3.087,14.667,17.754,1.498509466
20,60,63800659.15,3.084,14.667,17.751,1.498509472
21,1,63800659.16,3.082,14.667,17.749,1.498509472
21,2,63800659.83,3.079,14.667,17.746,1.498509488
21,3,63800659.26,3.075,14.667,17.742,1.498509474
21,4,63800659.17,3.072,14.667,17.739,1.498509472
21,5,63800658.9,3.069,14.667,17.736,1.498509466
21,6,63800659.08,3.067,14.668,17.735,1.49850947
21,7,63800658.76,3.064,14.668,17.732,1.498509463
21,8,63800658.78,3.062,14.667,17.729,1.498509463
21,9,63800659.37,3.06,14.668,17.728,1.498509477
21,10,63800659.12,3.057,14.668,17.725,1.498509471
21,11,63800659.11,3.056,14.668,17.724,1.498509471
21,12,63800658.98,3.055,14.668,17.723,1.498509468
21,13,63800658.57,3.053,14.668,17.721,1.498509458
21,14,63800659.26,3.049,14.668,17.717,1.498509474
21,15,63800658.94,3.047,14.667,17.714,1.498509467
21,16,63800658.94,3.047,14.668,17.715,1.498509467
21,17,63800659.02,3.044,14.668,17.712,1.498509469
21,18,63800659.05,3.044,14.668,17.712,1.498509469
21,19,63800658.55,3.042,14.668,17.71,1.498509458
21,20,63800658.7,3.041,14.668,17.709,1.498509461
21,21,63800658.53,3.039,14.668,17.707,1.498509457
21,22,63800658.78,3.036,14.668,17.704,1.498509463
21,23,63800658.92,3.033,14.668,17.701,1.498509466
21,24,63800659.18,3.032,14.668,17.7,1.498509472
21,25,63800658.63,3.033,14.669,17.702,1.49850946
21,26,63800658.78,3.031,14.668,17.699,1.498509463
21,27,63800659.07,3.029,14.668,17.697,1.49850947
21,28,63800658.96,3.03,14.668,17.698,1.498509467
21,29,63800659,3.028,14.668,17.696,1.498509468
21,30,63800659.21,3.026,14.668,17.694,1.498509473
21,31,63800658.66,3.024,14.668,17.692,1.49850946
21,32,63800658.9,3.021,14.668,17.689,1.498509466
21,33,63800659.08,3.022,14.668,17.69,1.49850947
21,34,63800658.96,3.021,14.669,17.69,1.498509467
21,35,63800658.88,3.018,14.669,17.687,1.498509466
21,36,63800658.89,3.019,14.669,17.688,1.498509466
21,37,63800658.19,3.017,14.669,17.686,1.498509449
21,38,63800658.82,3.015,14.669,17.684,1.498509464
21,39,63800658.72,3.013,14.669,17.682,1.498509462
21,40,63800658.65,3.014,14.669,17.683,1.49850946
21,41,63800658.51,3.012,14.669,17.681,1.498509457
21,42,63800658.66,3.01,14.669,17.679,1.49850946
21,43,63800658.9,3.01,14.669,17.679,1.498509466
21,44,63800659.15,3.008,14.669,17.677,1.498509472
21,45,63800658.36,3.007,14.669,17.676,1.498509453
21,46,63800658.34,3.006,14.669,17.675,1.498509453
21,47,63800658.47,3.006,14.669,17.675,1.498509456
21,48,63800658.64,3.006,14.669,17.675,1.49850946
21,49,63800658.3,3.002,14.669,17.671,1.498509452
21,50,63800658.17,3.002,14.67,17.672,1.498509449
21,51,63800658.7,3,14.67,17.67,1.498509461
21,52,63800658.65,3.001,14.67,17.671,1.49850946
21,53,63800657.87,2.997,14.671,17.668,1.498509442
21,54,63800658.3,2.996,14.671,17.667,1.498509452
21,55,63800658.08,2.996,14.671,17.667,1.498509447
21,56,63800658.21,2.994,14.671,17.665,1.49850945
21,57,63800658.15,2.993,14.672,17.665,1.498509448
21,58,63800658.51,2.992,14.672,17.664,1.498509457
21,59,63800658.22,2.99,14.672,17.662,1.49850945
21,60,63800657.97,2.988,14.672,17.66,1.498509444
22,1,63800657.64,2.989,14.672,17.661,1.498509436
22,2,63800657.88,2.989,14.673,17.662,1.498509442
22,3,63800657.52,2.988,14.673,17.661,1.498509433
22,4,63800658.38,2.985,14.674,17.659,1.498509454
22,5,63800657.23,2.986,14.674,17.66,1.498509427
22,6,63800657.44,2.984,14.674,17.658,1.498509432
22,7,63800657.21,2.981,14.675,17.656,1.498509426
22,8,63800657.31,2.981,14.675,17.656,1.498509429
22,9,63800657,2.98,14.676,17.656,1.498509421
22,10,63800657.77,2.98,14.676,17.656,1.498509439
22,11,63800657.6,2.979,14.676,17.655,1.498509435
22,12,63800657.53,2.977,14.676,17.653,1.498509434
22,13,63800657.96,2.975,14.676,17.651,1.498509444
22,14,63800657.45,2.975,14.676,17.651,1.498509432
22,15,63800657.57,2.973,14.677,17.65,1.498509435
22,16,63800658.22,2.973,14.677,17.65,1.49850945
22,17,63800658.02,2.97,14.677,17.647,1.498509445
22,18,63800658.51,2.97,14.678,17.648,1.498509457
22,19,63800658.1,2.969,14.678,17.647,1.498509447
22,20,63800658.58,2.968,14.678,17.646,1.498509458
22,21,63800658.9,2.968,14.678,17.646,1.498509466
22,22,63800658.71,2.965,14.678,17.643,1.498509461
22,23,63800659.06,2.965,14.679,17.644,1.49850947
22,24,63800659.19,2.963,14.679,17.642,1.498509473
22,25,63800659.73,2.962,14.679,17.641,1.498509485
22,26,63800659.79,2.963,14.68,17.643,1.498509487
22,27,63800659.83,2.961,14.68,17.641,1.498509488
22,28,63800659.89,2.959,14.68,17.639,1.498509489
22,29,63800660.29,2.96,14.68,17.64,1.498509499
22,30,63800660.35,2.958,14.68,17.638,1.4985095
22,31,63800661.06,2.957,14.68,17.637,1.498509517
22,32,63800660.93,2.958,14.68,17.638,1.498509513
22,33,63800661.11,2.958,14.68,17.638,1.498509518
22,34,63800661.38,2.957,14.68,17.637,1.498509524
22,35,63800661.45,2.956,14.68,17.636,1.498509526
22,36,63800661.94,2.954,14.68,17.634,1.498509537
22,37,63800662.34,2.954,14.68,17.634,1.498509547
22,38,63800662.21,2.953,14.68,17.633,1.498509544
22,39,63800662.48,2.952,14.68,17.632,1.49850955
22,40,63800662.41,2.95,14.68,17.63,1.498509548
22,41,63800663.13,2.95,14.68,17.63,1.498509565
22,42,63800663.32,2.951,14.68,17.631,1.49850957
22,43,63800663.3,2.95,14.68,17.63,1.498509569
22,44,63800663.77,2.949,14.68,17.629,1.49850958
22,45,63800663.84,2.949,14.68,17.629,1.498509582
22,46,63800664.28,2.948,14.68,17.628,1.498509592
22,47,63800664.52,2.949,14.68,17.629,1.498509598
22,48,63800664.76,2.945,14.68,17.625,1.498509604
22,49,63800665.48,2.947,14.68,17.627,1.498509621
22,50,63800665.53,2.946,14.68,17.626,1.498509622
22,51,63800665.05,2.945,14.68,17.625,1.49850961
22,52,63800665.53,2.943,14.68,17.623,1.498509622
22,53,63800666.03,2.942,14.68,17.622,1.498509633
22,54,63800666.5,2.943,14.68,17.623,1.498509644
22,55,63800666.17,2.943,14.68,17.623,1.498509637
22,56,63800666.51,2.94,14.68,17.62,1.498509645
22,57,63800666.87,2.939,14.68,17.619,1.498509653
22,58,63800667.71,2.94,14.68,17.62,1.498509673
22,59,63800667.33,2.939,14.68,17.619,1.498509664
22,60,63800667.43,2.94,14.68,17.62,1.498509666
23,1,63800667.73,2.938,14.68,17.618,1.498509673
23,2,63800667.8,2.94,14.68,17.62,1.498509675
23,3,63800668.51,2.938,14.679,17.617,1.498509692
23,4,63800668.51,2.937,14.679,17.616,1.498509692
23,5,63800668.41,2.937,14.68,17.617,1.498509689
23,6,63800668.96,2.935,14.68,17.615,1.498509702
23,7,63800668.85,2.936,14.679,17.615,1.4985097
23,8,63800669.7,2.934,14.68,17.614,1.49850972
23,9,63800669.22,2.934,14.679,17.613,1.498509708
23,10,63800670.08,2.934,14.68,17.614,1.498509728
23,11,63800670.14,2.932,14.68,17.612,1.49850973
23,12,63800670.37,2.933,14.68,17.613,1.498509735
23,13,63800670.58,2.934,14.68,17.614,1.49850974
23,14,63800670.67,2.93,14.68,17.61,1.498509742
23,15,63800670.91,2.93,14.68,17.61,1.498509748
23,16,63800670.92,2.93,14.68,17.61,1.498509748
23,17,63800671.72,2.93,14.68,17.61,1.498509767
23,18,63800671.48,2.931,14.68,17.611,1.498509761
23,19,63800671.81,2.929,14.68,17.609,1.498509769
23,20,63800672.33,2.928,14.68,17.608,1.498509781
23,21,63800671.65,2.927,14.68,17.607,1.498509765
23,22,63800672.78,2.928,14.68,17.608,1.498509792
23,23,63800672.1,2.925,14.681,17.606,1.498509776
23,24,63800673.27,2.924,14.681,17.605,1.498509803
23,25,63800672.61,2.923,14.682,17.605,1.498509788
23,26,63800673.55,2.923,14.682,17.605,1.49850981
23,27,63800673.05,2.922,14.682,17.604,1.498509798
23,28,63800673.6,2.921,14.682,17.603,1.498509811
23,29,63800673.72,2.921,14.682,17.603,1.498509814
23,30,63800673.68,2.919,14.682,17.601,1.498509813
23,31,63800673.69,2.919,14.683,17.602,1.498509813
23,32,63800674.1,2.918,14.683,17.601,1.498509823
23,33,63800674.52,2.917,14.683,17.6,1.498509833
23,34,63800674.57,2.933,14.683,17.616,1.498509834
23,35,63800674.88,2.945,14.683,17.628,1.498509841
23,36,63800674.66,2.955,14.683,17.638,1.498509836
23,37,63800674.98,2.964,14.682,17.646,1.498509843
23,38,63800675.51,2.971,14.683,17.654,1.498509856
23,39,63800675.44,2.975,14.682,17.657,1.498509854
23,40,63800675.78,2.984,14.682,17.666,1.498509862
23,41,63800676.04,2.989,14.682,17.671,1.498509868
23,42,63800676.23,2.995,14.682,17.677,1.498509873
23,43,63800676.07,3.001,14.682,17.683,1.498509869
23,44,63800676.62,3.006,14.682,17.688,1.498509882
23,45,63800676.24,3.008,14.682,17.69,1.498509873
23,46,63800676.64,3.013,14.681,17.694,1.498509882
23,47,63800677.26,3.018,14.681,17.699,1.498509897
23,48,63800677.26,3.023,14.681,17.704,1.498509897
23,49,63800677.26,3.026,14.681,17.707,1.498509897
23,50,63800677.13,3.028,14.681,17.709,1.498509894
23,51,63800677.52,3.033,14.681,17.714,1.498509903
23,52,63800677.38,3.036,14.681,17.717,1.4985099
23,53,63800677.69,3.04,14.681,17.721,1.498509907
23,54,63800677.74,3.044,14.681,17.725,1.498509908
23,55,63800677.89,3.045,14.681,17.726,1.498509912
23,56,63800678.89,3.051,14.681,17.732,1.498509935
23,57,63800678.69,3.055,14.681,17.736,1.498509931
23,58,63800678.49,3.057,14.681,17.738,1.498509926
23,59,63800679,3.062,14.681,17.743,1.498509938
23,60,63800678.83,3.066,14.681,17.747,1.498509934
24,1,63800679.19,3.068,14.682,17.75,1.498509942
24,2,63800679.47,3.073,14.681,17.754,1.498509949
24,3,63800679.64,3.074,14.681,17.755,1.498509953
24,4,63800680.12,3.079,14.681,17.76,1.498509964
24,5,63800679.75,3.08,14.681,17.761,1.498509956
24,6,63800680.13,3.086,14.681,17.767,1.498509964
24,7,63800680.36,3.087,14.682,17.769,1.49850997
24,8,63800680.18,3.09,14.682,17.772,1.498509966
24,9,63800680.43,3.093,14.682,17.775,1.498509971
24,10,63800680.82,3.096,14.682,17.778,1.498509981
24,11,63800681.17,3.1,14.682,17.782,1.498509989
24,12,63800681.14,3.105,14.682,17.787,1.498509988
24,13,63800681.11,3.107,14.682,17.789,1.498509988
24,14,63800681.36,3.109,14.682,17.791,1.498509993
24,15,63800681.25,3.111,14.682,17.793,1.498509991
24,16,63800681.29,3.115,14.682,17.797,1.498509992
24,17,63800681.63,3.113,14.682,17.795,1.49851
24,18,63800681.69,3.107,14.682,17.789,1.498510001
24,19,63800681.99,3.101,14.682,17.783,1.498510008
24,20,63800682.36,3.096,14.682,17.778,1.498510017
24,21,63800682.29,3.092,14.682,17.774,1.498510015
24,22,63800682.43,3.087,14.683,17.77,1.498510018
24,23,63800682.21,3.085,14.683,17.768,1.498510013
24,24,63800681.66,3.081,14.683,17.764,1.498510001
24,25,63800683.01,3.077,14.683,17.76,1.498510032
24,26,63800683.02,3.072,14.683,17.755,1.498510032
24,27,63800682.81,3.069,14.683,17.752,1.498510028
24,28,63800683.55,3.066,14.683,17.749,1.498510045
24,29,63800683.42,3.064,14.683,17.747,1.498510042
24,30,63800683.61,3.063,14.683,17.746,1.498510046
24,31,63800683.56,3.06,14.683,17.743,1.498510045
24,32,63800683.89,3.054,14.683,17.737,1.498510053
24,33,63800684.14,3.054,14.682,17.736,1.498510059
24,34,63800683.82,3.051,14.682,17.733,1.498510051
24,35,63800684.33,3.049,14.682,17.731,1.498510063
24,36,63800683.98,3.045,14.682,17.727,1.498510055
24,37,63800684.82,3.044,14.682,17.726,1.498510075
24,38,63800685.78,3.043,14.682,17.725,1.498510097
24,39,63800686.67,3.04,14.681,17.721,1.498510118
24,40,63800686.47,3.038,14.681,17.719,1.498510113
24,41,63800686.91,3.037,14.681,17.718,1.498510124
24,42,63800686.14,3.034,14.681,17.715,1.498510106
24,43,63800685.86,3.033,14.681,17.714,1.498510099
24,44,63800686.04,3.03,14.681,17.711,1.498510103
24,45,63800686.42,3.029,14.681,17.71,1.498510112
24,46,63800685.81,3.028,14.681,17.709,1.498510098
24,47,63800686.36,3.025,14.681,17.706,1.498510111
24,48,63800686.17,3.025,14.681,17.706,1.498510106
24,49,63800685.92,3.022,14.681,17.703,1.498510101
24,50,63800685.9,3.021,14.681,17.702,1.4985101
24,51,63800685.28,3.018,14.681,17.699,1.498510086
24,52,63800685.11,3.018,14.681,17.699,1.498510082
24,53,63800685.34,3.017,14.681,17.698,1.498510087
24,54,63800684.44,3.016,14.681,17.697,1.498510066
24,55,63800684.6,3.012,14.681,17.693,1.49851007
24,56,63800684.54,3.013,14.681,17.694,1.498510068
24,57,63800684.03,3.012,14.681,17.693,1.498510056
24,58,63800683.58,3.009,14.681,17.69,1.498510046
24,59,63800682.92,3.008,14.681,17.689,1.49851003
24,60,63800682.75,3.009,14.681,17.69,1.498510026
25,1,63800682.27,3.008,14.681,17.689,1.498510015
25,2,63800682.36,3.006,14.681,17.687,1.498510017
25,3,63800681.43,3.005,14.681,17.686,1.498509995
25,4,63800681.26,3.006,14.681,17.687,1.498509991
25,5,63800681.23,3.003,14.681,17.684,1.49850999
25,6,63800681.19,3.003,14.681,17.684,1.498509989
25,7,63800680.53,3,14.681,17.681,1.498509974
25,8,63800680.62,3,14.681,17.681,1.498509976
25,9,63800680.46,3,14.681,17.681,1.498509972
25,10,63800680.08,2.998,14.681,17.679,1.498509963
25,11,63800679.59,2.997,14.681,17.678,1.498509952
25,12,63800679.69,2.994,14.681,17.675,1.498509954
25,13,63800679.18,2.995,14.681,17.676,1.498509942
25,14,63800679.16,2.993,14.681,17.674,1.498509942
25,15,63800678.35,2.992,14.681,17.673,1.498509923
25,16,63800678.63,2.99,14.681,17.671,1.498509929
25,17,63800677.73,2.991,14.681,17.672,1.498509908
25,18,63800677.14,2.991,14.681,17.672,1.498509894
25,19,63800676.83,2.989,14.68,17.669,1.498509887
25,20,63800677.22,2.987,14.68,17.667,1.498509896
25,21,63800676.86,2.987,14.68,17.667,1.498509888
25,22,63800676.57,2.985,14.68,17.665,1.498509881
25,23,63800676.47,2.986,14.68,17.666,1.498509879
25,24,63800675.38,2.984,14.68,17.664,1.498509853
25,25,63800675.37,2.985,14.68,17.665,1.498509853
25,26,63800675.88,2.983,14.68,17.663,1.498509865
25,27,63800675.36,2.981,14.679,17.66,1.498509853
25,28,63800674.31,2.981,14.679,17.66,1.498509828
25,29,63800675.24,2.98,14.679,17.659,1.49850985
25,30,63800674.17,2.978,14.679,17.657,1.498509825
25,31,63800674.2,2.978,14.68,17.658,1.498509825
25,32,63800673.93,2.976,14.68,17.656,1.498509819
25,33,63800673.62,2.977,14.68,17.657,1.498509812
25,34,63800673.68,2.975,14.68,17.655,1.498509813
25,35,63800673.45,2.975,14.679,17.654,1.498509808
25,36,63800672.87,2.975,14.679,17.654,1.498509794
25,37,63800672.64,2.974,14.679,17.653,1.498509789
25,38,63800672.16,2.973,14.679,17.652,1.498509777
25,39,63800672.21,2.972,14.679,17.651,1.498509779
25,40,63800672.09,2.971,14.679,17.65,1.498509776
25,41,63800672,2.97,14.679,17.649,1.498509773
25,42,63800671.69,2.969,14.679,17.648,1.498509766
25,43,63800671.67,2.97,14.679,17.649,1.498509766
25,44,63800671.84,2.969,14.679,17.648,1.49850977
25,45,63800671.63,2.966,14.679,17.645,1.498509765
25,46,63800671.48,2.966,14.678,17.644,1.498509761
25,47,63800670.87,2.967,14.678,17.645,1.498509747
25,48,63800670.62,2.965,14.678,17.643,1.498509741
25,49,63800670.48,2.966,14.678,17.644,1.498509738
25,50,63800670.21,2.966,14.678,17.644,1.498509731
25,51,63800670,2.966,14.677,17.643,1.498509727
25,52,63800669.73,2.964,14.677,17.641,1.49850972
25,53,63800669.56,2.964,14.677,17.641,1.498509716
25,54,63800669.95,2.963,14.677,17.64,1.498509725
25,55,63800670.04,2.962,14.677,17.639,1.498509728
25,56,63800669.52,2.962,14.676,17.638,1.498509715
25,57,63800669.41,2.963,14.676,17.639,1.498509713
25,58,63800669.11,2.961,14.676,17.637,1.498509706
25,59,63800668.98,2.96,14.676,17.636,1.498509703
25,60,63800668.74,2.96,14.676,17.636,1.498509697
26,1,63800668.71,2.959,14.676,17.635,1.498509696
26,2,63800668.86,2.957,14.676,17.633,1.4985097
26,3,63800668.57,2.956,14.676,17.632,1.498509693
26,4,63800668.25,2.956,14.676,17.632,1.498509686
26,5,63800668.78,2.955,14.676,17.631,1.498509698
26,6,63800667.88,2.955,14.676,17.631,1.498509677
26,7,63800667.87,2.953,14.676,17.629,1.498509677
26,8,63800667.76,2.953,14.677,17.63,1.498509674
26,9,63800668.02,2.953,14.677,17.63,1.49850968
26,10,63800667.72,2.953,14.676,17.629,1.498509673
26,11,63800667.46,2.952,14.676,17.628,1.498509667
26,12,63800666.98,2.951,14.676,17.627,1.498509656
26,13,63800667.19,2.95,14.676,17.626,1.498509661
26,14,63800667.26,2.95,14.676,17.626,1.498509662
26,15,63800666.87,2.951,14.676,17.627,1.498509653
26,16,63800667.42,2.949,14.676,17.625,1.498509666
26,17,63800666.53,2.948,14.676,17.624,1.498509645
26,18,63800666.57,2.947,14.676,17.623,1.498509646
26,19,63800666.15,2.947,14.676,17.623,1.498509636
26,20,63800666.39,2.946,14.676,17.622,1.498509642
26,21,63800666.81,2.947,14.676,17.623,1.498509652
26,22,63800665.83,2.945,14.676,17.621,1.498509629
26,23,63800666.58,2.946,14.675,17.621,1.498509646
26,24,63800666.61,2.945,14.675,17.62,1.498509647
26,25,63800665.57,2.943,14.675,17.618,1.498509623
26,26,63800666.39,2.944,14.675,17.619,1.498509642
26,27,63800666.47,2.944,14.674,17.618,1.498509644
26,28,63800665.8,2.942,14.674,17.616,1.498509628
26,29,63800665.89,2.943,14.674,17.617,1.49850963
26,30,63800666.22,2.942,14.675,17.617,1.498509638
26,31,63800665.92,2.943,14.674,17.617,1.498509631
26,32,63800665.62,2.942,14.674,17.616,1.498509624
26,33,63800665.55,2.94,14.674,17.614,1.498509622
26,34,63800665.61,2.941,14.674,17.615,1.498509623
26,35,63800665.43,2.94,14.674,17.614,1.498509619
26,36,63800665.36,2.941,14.674,17.615,1.498509618
26,37,63800665.83,2.939,14.673,17.612,1.498509629
26,38,63800666.07,2.935,14.673,17.608,1.498509634
26,39,63800664.76,2.936,14.673,17.609,1.498509603
26,40,63800665.06,2.936,14.673,17.609,1.498509611
26,41,63800665.23,0,14.672,,1.498509615
26,42,63800663.3,0,14.672,,1.498509569
26,43,63800667.79,2.99,14.673,,1.498509675